"id_municipio";"vl_ideb";"vl_proj"
2103802;4.7;5.2
2103901;3.4;3.9
2104008;4.5;5.2
2104057;4.6;4.5
2104073;4.1;4.4
2104081;3.6;5.1
2104099;4.9;4.7
2104107;4.7;5.4
2104206;3.9;4.6
2104305;4.5;4.9
2104404;4.4;5.1
2104503;4.5;5.3
2104552;3.9;4.6
2104602;4.5;4.8
2104628;3.5;4.5
2104651;3.6;4.8
2104677;;4.6
2104701;4.1;4.4
2104800;3.7;4.5
2104909;4.2;4.5
2105005;3.6;4.3
2105104;3.9;4.6
2105153;3.4;5.2
2105203;4.5;4.9
2105302;4.3;5.1
2105351;3.6;4.2
2105401;3.9;4.7
2105427;4.3;5.0
2105450;3.7;3.7
2105476;3.3;4.7
2105500;4.2;4.9
2105609;3.5;5.2
2105658;4.5;4.3
2105708;3.7;4.7
2105807;5.3;5.6
2105906;3.7;4.4
2105922;4.9;5.1
2105948;4.9;4.9
2105963;3.5;4.6
2105989;3.8;4.7
2106003;4.1;4.5
2106102;4.5;5.5
2106201;3.9;4.9
2106300;3.5;4.9
2106326;3.5;4.9
2106359;4.9;4.2
2106375;3.9;4.5
2106409;3.9;4.4
2106508;3.7;4.1
2106607;4.5;4.4
2106631;4.1;5.0
2106672;3.8;3.9
2106706;3.4;4.4
2106755;4.5;4.3
2106805;4.0;4.9
2106904;4.1;4.3
2107001;3.6;5.1
2107100;3.5;4.5
2107209;4.1;4.5
2107258;4.7;4.4
2107308;3.6;4.3
2107357;3.9;4.6
2107407;4.3;4.5
2107456;3.7;4.9
2107506;4.1;5.5
2107605;3.6;4.8
2107704;3.2;4.2
2107803;4.3;4.5
2107902;4.6;4.7
2108009;4.2;4.8
2108058;4.1;4.5
2108108;4.0;4.5
2108207;4.1;4.6
2108256;3.9;4.3
2108306;3.8;4.4
2108405;4.1;5.1
2108454;3.3;4.8
2108504;3.5;4.8
2108603;4.5;4.7
2108702;3.6;4.9
2108801;3.7;4.2
2108900;4.2;5.0
2109007;5.1;5.3
2109056;4.1;4.7
2109106;3.5;4.9
2109205;3.9;4.7
2109239;3.8;4.4
2109270;4.4;4.4
2109304;4.1;5.0
2109403;3.9;4.1
2109452;3.6;4.6
2109502;4.3;5.1
2109551;;5.0
2109601;4.5;4.7
2109700;4.6;4.6
2109759;;4.0
2109809;3.5;4.4
2109908;3.7;4.6
2110005;4.2;4.8
2110039;3.8;5.0
2110104;3.3;4.9
2110203;4.4;4.4
2110237;4.1;4.5
2110278;3.3;4.7
2110302;4.5;4.8
2110401;3.2;4.3
2110500;4.2;4.9
2110609;4.0;4.5
2110658;4.5;4.7
2110708;4.0;5.0
2110807;;4.5
2110856;4.3;4.6
2110906;4.1;4.6
2111003;3.4;4.3
2111029;3.4;5.1
2111052;4.1;4.9
2111078;3.7;4.1
2111102;4.6;4.6
2111201;4.6;5.1
2111250;3.8;4.0
2111300;4.2;5.0
2111409;3.7;5.0
2111508;3.6;4.6
2111532;3.8;4.2
2111573;5.2;5.0
2111607;4.6;5.4
2111631;3.9;4.1
2111672;4.0;5.3
2111706;3.2;4.5
2111722;4.1;4.7
2111748;3.3;4.5
2111763;3.0;4.8
2111789;3.6;4.8
2111805;4.3;4.4
2111904;3.9;4.6
2111953;3.6;4.9
2112001;4.7;5.1
2112100;4.0;4.7
2112209;5.1;4.8
2112233;4.8;4.9
2112274;4.1;4.9
2112308;3.8;4.4
2112407;3.9;4.4
2112456;3.8;4.2
2112506;4.3;4.8
2112605;3.3;4.9
2112704;4.5;4.9
2112803;4.0;4.6
2112852;4.3;4.3
2112902;4.1;4.4
2113009;3.7;4.7
2114007;4.0;4.7
2200053;;4.4
2200103;5.3;4.9
2200202;4.9;4.4
2200251;4.3;4.2
2200277;4.5;4.9
2200301;5.1;4.5
2200400;4.7;4.7
2200459;4.0;4.6
2200509;3.8;4.6
2200608;5.0;5.5
2200707;4.3;4.8
2200806;5.0;4.3
2200905;4.1;4.6
2200954;4.1;4.2
2201002;4.3;5.0
2201051;4.3;4.1
2201101;3.1;4.7
2201150;5.5;4.8
2201176;4.1;5.0
2201200;4.8;5.2
2201309;2.6;4.2
2201408;3.6;4.6
2201507;4.5;4.5
2201556;3.7;4.6
2201572;5.2;4.4
2201606;5.6;4.5
2201705;4.7;5.4
2201739;4.9;4.4
2201770;4.5;4.2
2201804;4.0;4.3
2201903;4.7;5.0
2201919;4.6;4.3
2201929;3.3;4.6
2201945;4.5;4.5
2201960;4.0;5.0
2201988;4.0;4.6
2202000;3.9;4.8
2202026;6.5;4.7
2202059;5.1;4.1
2202075;3.9;5.2
2202083;3.9;4.4
2202091;4.9;4.7
2202109;3.5;4.5
2202117;3.6;4.0
2202133;4.3;4.7
2202174;4.4;4.5
2202208;5.2;4.7
2202251;2.9;5.0
2202307;4.4;5.2
2202406;4.3;4.2
2202455;4.7;5.0
2202505;2.3;4.6
2202539;4.3;4.5
2202554;4.8;4.4
2202604;5.6;5.3
2202653;4.5;4.4
2202703;4.6;4.8
2202711;4.7;5.3
2202729;6.7;5.1
2202737;5.0;4.3
2202752;4.4;5.4
2202778;4.8;5.5
2202802;3.8;4.5
2202851;4.4;4.7
2202901;3.8;4.5
2203008;3.8;4.5
2203107;3.7;4.9
2203206;3.9;5.1
2203230;4.1;5.0
2203255;3.6;4.1
2203271;4.6;3.9
2203305;4.5;4.7
2203354;4.2;4.7
2203404;5.4;4.7
2203420;5.9;5.9
2203453;4.7;3.8
2203503;4.4;4.5
2203602;3.4;4.6
2203701;3.7;4.9
2203750;3.6;4.0
2203800;3.9;4.7
2203859;4.2;5.3
2203909;4.9;5.2
2204006;;4.4
2204105;4.1;4.2
2204154;4.1;4.2
2204204;5.1;5.8
2204303;5.4;4.8
2204352;4.2;5.2
2204402;3.8;5.3
2204501;4.3;4.7
2204550;3.4;3.4
2204600;3.8;4.5
2204659;3.7;4.2
2204709;4.6;5.1
2204808;4.8;5.1
2204907;4.6;4.3
2205003;4.2;4.3
2205102;3.1;4.5
2205151;3.8;3.8
2205201;4.9;4.3
2205250;4.3;5.4
2205276;5.3;4.7
2205300;4.0;5.2
2205359;3.8;4.1
2205409;4.5;4.7
2205458;3.9;4.7
2205508;3.9;4.6
2205516;4.8;5.3
2205524;;4.4
2205532;4.4;4.1
2205540;5.4;4.9
2205557;5.2;4.5
2205565;5.0;4.8
2205573;3.8;3.9
2205581;3.1;4.0
2205599;3.4;4.7
2205607;5.6;4.4
2205706;3.4;4.2
2205805;3.3;4.8
2205854;4.0;4.1
2205904;5.0;4.6
2205953;3.8;4.3
2206001;5.3;5.2
2206050;4.4;4.3
2206100;3.7;4.0
2206209;3.4;4.6
2206308;5.1;3.6
2206357;3.9;4.7
2206407;4.1;5.1
2206506;5.1;5.8
2206605;3.8;4.7
2206654;;4.4
2206670;4.7;4.6
2206696;4.1;4.0
2206704;4.2;5.4
2206753;4.4;5.2
2206803;4.0;4.9
2206902;3.8;5.2
2206951;4.7;5.1
2207009;5.7;5.2
2207108;4.7;3.9
2207207;4.9;4.1
2207306;4.8;5.1
2207355;4.9;5.8
2207405;4.2;4.9
2207504;4.2;4.5
2207553;3.8;3.8
2207603;3.9;4.7
2207702;4.2;4.5
2207751;3.4;4.2
2207777;4.4;4.4
2207793;5.0;4.8
2207801;4.5;4.4
2207850;3.7;4.8
2207900;3.9;4.5
2207934;4.4;4.9
2207959;4.2;3.7
2208007;4.5;4.7
2208106;4.2;4.7
2208205;5.7;5.2
2208304;5.9;5.3
2208403;4.7;5.4
2208502;4.2;4.5
2208551;4.4;5.1
2208601;;4.9
2208650;3.8;4.4
2208700;3.7;5.0
2208809;3.6;4.3
2208858;3.9;4.6
2208874;4.4;4.7
2208908;4.5;5.3
2209005;4.3;4.9
2209104;4.5;4.8
2209153;5.1;4.8
2209203;4.5;4.4
2209302;5.1;4.8
2209351;4.8;4.9
2209377;5.0;4.9
2209401;4.1;5.0
2209450;4.1;4.7
2209500;4.9;5.4
2209559;4.6;5.2
2209609;5.5;4.9
2209658;4.4;4.3
2209708;4.7;5.2
2209757;3.9;4.2
2209807;4.1;4.5
2209856;5.8;5.0
2209872;4.7;5.8
2209906;4.8;5.0
2209955;4.0;5.1
2209971;4.7;4.2
2210003;3.6;4.6
2210052;4.4;5.4
2210102;4.7;5.0
2210201;4.7;4.4
2210300;3.9;4.5
2210359;4.4;5.0
2210375;5.2;4.3
2210383;3.3;3.8
2210391;3.3;4.9
2210409;5.1;5.3
2210508;5.0;4.8
2210607;4.0;4.4
2210623;3.7;4.2
2210631;5.2;5.2
2210656;4.3;4.2
2210706;5.1;5.0
2210805;4.8;5.0
2210904;4.0;4.6
2210938;3.6;4.2
2210953;4.9;4.2
2210979;4.2;4.6
2211001;5.6;5.0
2211100;4.4;4.4
2211209;4.7;4.5
2211308;4.3;5.1
2211357;3.8;4.6
2211407;4.2;4.4
2211506;4.2;4.7
2211605;5.1;4.4
2211704;4.2;4.8
2300101;4.6;5.1
2300150;4.9;4.3
2300200;5.3;5.1
2300309;5.5;4.8
2300408;5.5;3.9
2300507;5.1;4.4
2300606;5.4;5.2
2300705;5.8;4.9
2300754;5.2;4.9
2300804;5.1;4.2
2300903;5.2;5.0
2301000;5.1;4.2
2301109;5.2;4.6
2301208;4.9;4.7
2301257;6.9;4.5
2301307;5.6;4.3
2301406;5.3;5.1
2301505;4.8;4.6
2301604;4.7;4.6
2301703;4.7;5.2
2301802;4.4;4.6
2301851;4.9;4.4
2301901;5.5;4.7
2301950;4.8;4.5
2302008;5.4;4.8
2302057;5.9;4.6
2302107;4.5;4.4
2302206;5.4;4.7
2302305;5.7;5.3
2302404;4.8;4.7
2302503;5.8;4.5
2302602;5.2;5.2
2302701;5.8;4.5
2302800;5.7;4.7
2302909;4.7;4.7
2303006;4.9;4.3
2303105;5.8;5.0
2303204;4.8;4.6
2303303;5.0;4.8
2303402;5.2;4.9
2303501;5.4;4.6
2303600;4.9;4.0
2303659;6.9;4.7
2303709;4.2;5.0
2303808;4.7;4.8
2303907;5.0;4.8
2303931;4.9;4.3
2303956;5.4;4.2
2304004;5.7;4.6
2304103;5.1;4.3
2304202;5.0;4.6
2304236;5.2;5.0
2304251;6.9;5.6
2304269;5.4;5.1
2304277;4.8;4.3
2304285;5.3;5.5
2304301;5.1;4.7
2304350;5.7;4.7
2304400;5.1;4.5
2304459;5.7;4.8
2304509;5.9;4.6
2304608;5.1;4.3
2304657;5.3;5.2
2304707;5.0;4.7
2304806;5.5;4.6
2304905;6.1;5.0
2304954;4.6;4.3
2305001;5.2;4.8
2305100;5.1;4.9
2305209;5.1;5.0
2305233;5.7;4.8
2305266;4.3;5.0
2305308;5.2;4.6
2305332;5.3;4.6
2305357;4.9;4.3
2305407;4.2;4.2
2305506;5.1;4.7
2305605;5.9;4.7
2305654;5.2;4.6
2305704;3.9;4.2
2305803;4.9;4.6
2305902;5.1;4.2
2306009;4.8;4.4
2306108;5.7;4.9
2306207;5.9;5.1
2306256;4.8;5.0
2306306;5.3;5.1
2306405;5.3;4.9
2306504;4.7;4.7
2306553;4.8;4.8
2306603;5.9;5.0
2306702;5.3;4.5
2306801;5.1;5.3
2306900;5.3;4.4
2307007;5.3;4.8
2307106;4.9;4.9
2307205;4.9;5.0
2307254;7.0;5.2
2307304;5.0;5.0
2307403;5.5;4.9
2307502;4.4;4.7
2307601;5.6;5.0
2307635;4.2;4.4
2307650;5.3;4.8
2307700;5.0;4.7
2307809;5.0;4.2
2307908;5.6;4.8
2308005;4.9;5.0
2308104;4.8;4.4
2308203;5.9;4.7
2308302;5.0;4.8
2308351;6.4;4.6
2308377;4.5;5.0
2308401;4.3;4.7
2308500;5.5;4.6
2308609;4.7;4.7
2308708;4.4;4.8
2308807;4.9;5.7
2308906;5.6;4.5
2309003;7.0;5.1
2309102;4.8;4.3
2309201;5.1;4.2
2309300;5.1;4.2
2309409;7.7;4.9
2309458;5.1;4.6
2309508;4.6;4.8
2309607;4.9;4.6
2309706;5.1;5.0
2309805;5.0;5.4
2309904;5.2;4.7
2310001;6.0;4.8
2310100;5.0;4.5
2310209;5.4;5.0
2310258;4.8;5.0
2310308;5.6;4.7
2310407;5.0;4.6
2310506;6.1;4.9
2310605;4.8;4.3
2310704;4.7;4.8
2310803;5.2;4.5
2310852;5.1;4.3
2310902;5.8;4.6
2310951;7.8;5.2
2311009;4.9;4.3
2311108;4.9;4.8
2311207;5.0;4.4
2311231;5.0;4.1
2311264;5.3;4.8
2311306;4.7;5.0
2311355;5.2;5.5
2311405;6.4;5.0
2311504;5.4;4.4
2311603;5.1;4.7
2311702;5.0;5.0
2311801;6.0;4.8
2311900;5.7;3.9
2311959;6.0;4.1
2312007;5.3;4.8
2312106;4.4;4.8
2312205;5.5;4.9
2312304;4.8;4.7
2312403;5.7;5.4
2312502;5.5;4.5
2312601;4.4;4.4
2312700;5.0;5.1
2312809;5.1;5.4
2312908;6.9;5.0
2313005;5.0;4.7
2313104;5.3;5.0
2313203;4.9;3.8
2313252;5.1;4.8
2313302;5.2;4.9
2313351;4.5;4.6
2313401;5.2;4.9
2313500;5.1;4.9
2313559;4.8;4.9
2313609;5.5;5.3
2313708;4.9;3.9
2313757;4.4;4.6
2313807;5.0;4.9
2313906;5.2;5.0
2313955;5.2;4.4
2314003;5.0;4.8
2314102;5.4;4.6
2400109;5.0;5.4
2400208;3.4;4.1
2400307;4.0;4.2
2400406;3.8;4.4
2400505;4.1;4.5
2400604;3.6;4.6
2400703;4.3;4.4
2400802;4.2;4.2
2400901;3.3;4.2
2401008;4.1;4.6
2401107;3.5;4.3
2401206;3.0;4.4
2401305;3.7;4.3
2401404;3.3;4.4
2401453;;4.3
2401503;3.3;4.7
2401602;3.0;3.8
2401651;;4.1
2401701;3.4;4.7
2401800;3.6;3.9
2401859;3.3;4.5
2401909;2.9;4.4
2402006;4.1;4.6
2402105;3.5;4.2
2402204;3.0;4.4
2402303;3.9;4.7
2402402;4.3;5.0
2402501;3.6;4.3
2402600;3.4;4.2
2402709;3.3;4.3
2402808;3.1;4.5
2402907;3.7;4.3
2403004;4.9;5.1
2403103;4.3;4.9
2403202;4.5;4.9
2403251;3.8;4.7
2403301;4.9;4.7
2403400;3.8;4.7
2403509;3.4;4.2
2403608;4.0;4.4
2403707;4.0;4.0
2403756;3.4;3.9
2403806;4.6;4.6
2403905;4.3;4.6
2404002;4.6;4.8
2404101;3.1;4.3
2404200;3.7;4.4
2404309;3.7;4.7
2404408;3.7;4.5
2404507;3.7;4.3
2404606;3.8;4.3
2404705;3.1;4.0
2404804;5.5;4.9
2404853;3.3;3.9
2404903;3.1;4.6
2405009;;4.5
2405108;4.1;4.4
2405207;4.2;4.5
2405306;4.6;4.4
2405405;2.8;4.1
2405504;3.0;4.3
2405603;3.3;4.5
2405702;4.5;4.8
2405801;3.1;4.1
2405900;3.0;3.1
2406007;4.0;5.0
2406106;4.2;4.6
2406155;3.8;3.9
2406205;3.4;3.8
2406304;3.6;3.9
2406403;2.6;4.3
2406502;3.9;4.3
2406601;3.4;4.4
2406700;4.6;5.0
2406809;3.2;4.5
2406908;4.4;4.1
2407005;3.6;4.8
2407104;3.1;4.3
2407203;3.8;4.6
2407252;3.7;4.6
2407302;4.0;4.4
2407401;4.2;4.6
2407500;3.7;4.2
2407609;3.5;4.5
2407708;3.9;4.4
2407807;3.6;4.0
2407906;3.1;3.8
2408003;3.9;4.7
2408102;3.4;4.6
2408201;3.2;4.4
2408300;3.3;4.1
2408409;3.6;4.1
2408508;5.3;5.0
2408607;4.3;4.4
2408706;2.3;4.6
2408805;3.5;4.2
2408904;4.0;4.6
2408953;3.4;3.9
2409100;4.1;4.3
2409209;3.2;4.6
2409308;4.1;4.4
2409332;;4.7
2409407;4.1;4.6
2409506;3.6;4.2
2409605;3.0;3.9
2409704;2.6;4.2
2409803;3.6;4.2
2409902;3.4;4.2
2410009;4.4;4.7
2410108;2.9;4.2
2410207;4.3;4.7
2410256;3.3;4.5
2410306;3.3;4.5
2410405;3.2;4.2
2410504;4.0;5.1
2410603;4.4;4.5
2410702;4.4;4.7
2410801;3.7;5.6
2410900;3.2;4.2
2411007;;4.0
2411056;3.6;4.1
2411106;4.8;4.1
2411205;3.4;4.2
2411403;3.5;4.8
2411429;4.7;4.9
2411502;3.6;4.0
2411601;3.9;4.3
2411700;3.4;4.0
2411809;5.0;4.7
2411908;4.2;4.5
2412005;3.5;4.5
2412104;4.7;5.0
2412203;2.8;4.3
2412302;4.0;4.2
2412401;;4.9
2412500;4.4;4.3
2412559;4.2;4.0
2412609;3.3;4.4
2412708;;4.2
2412807;2.9;4.3
2412906;2.6;4.4
2413003;3.4;4.3
2413102;;4.0
2413201;2.9;4.2
2413300;3.6;4.7
2413359;2.9;3.9
2413409;4.0;4.4
2413508;3.5;4.0
2413557;3.6;4.5
2413607;4.4;4.5
2413706;4.3;4.1
2413805;;5.3
2413904;3.2;4.1
2414001;3.1;4.6
2414100;3.8;4.3
2414159;4.0;5.0
2414209;3.8;4.4
2414308;4.7;4.5
2414407;3.1;4.1
2414456;3.3;3.7
2414506;3.2;4.5
2414605;4.1;4.4
2414704;3.4;4.2
2414753;3.6;4.8
2414803;3.1;4.3
2414902;4.9;4.4
2415008;;4.1
2500106;5.5;4.5
2500205;3.6;4.9
2500304;3.1;4.3
2500403;3.7;4.5
2500502;3.8;4.4
2500536;3.9;4.5
2500577;3.4;4.3
2500601;3.6;4.8
2500700;4.0;4.2
2500734;4.2;4.6
2500775;4.3;4.2
2500809;3.7;4.1
2500908;3.3;4.1
2501005;3.4;4.5
2501104;3.5;4.5
2501153;;4.3
2501203;4.4;4.6
2501302;3.3;4.7
2501351;;4.3
2501401;3.5;4.6
2501500;3.3;4.3
2501534;4.5;3.8
2501575;4.4;4.1
2501609;3.9;4.3
2501708;4.8;4.7
2501807;3.6;4.2
2501906;3.7;4.5
2502003;3.3;4.0
2502052;4.1;4.3
2502102;3.7;4.5
2502151;4.2;4.9
2502201;3.8;4.7
2502300;5.0;4.0
2502409;3.7;4.6
2502508;3.7;4.3
2502607;4.2;3.9
2502706;3.0;4.0
2502805;4.7;4.4
2502904;3.7;3.9
2503001;3.2;4.4
2503100;5.0;4.6
2503209;4.1;4.4
2503308;3.6;4.1
2503407;4.7;5.0
2503506;4.1;4.9
2503555;2.8;4.0
2503605;3.6;4.3
2503704;4.1;4.4
2503753;4.9;4.4
2503803;3.4;5.1
2503902;4.6;4.4
2504009;4.1;4.4
2504033;4.2;3.9
2504074;4.5;4.6
2504108;4.2;4.9
2504157;3.1;4.1
2504207;3.9;4.2
2504306;3.8;4.5
2504355;3.5;4.7
2504405;3.8;4.5
2504504;4.2;4.3
2504603;4.6;4.3
2504702;5.2;4.8
2504801;3.6;4.3
2504850;4.9;4.7
2504900;2.9;4.2
2505006;4.9;5.1
2505105;4.4;4.4
2505204;3.3;3.8
2505238;;4.6
2505279;4.0;4.6
2505303;3.8;4.9
2505352;;4.1
2505402;4.1;4.4
2505501;4.2;4.4
2505600;4.3;4.3
2505709;4.3;4.5
2505808;3.8;4.3
2505907;4.2;4.3
2506004;4.2;4.5
2506103;3.3;4.3
2506202;3.4;4.5
2506251;3.9;4.4
2506301;3.8;4.3
2506400;2.9;4.3
2506509;4.4;4.4
2506608;;3.9
2506707;3.4;3.9
2506806;3.4;4.1
2506905;3.8;4.1
2507002;3.9;4.3
2507101;3.8;4.3
2507200;3.3;4.2
2507309;3.6;4.6
2507408;3.5;4.2
2507507;4.2;4.5
2507606;3.3;4.2
2507705;4.1;3.9
2507804;3.9;4.1
2507903;4.6;4.3
2508000;4.8;4.6
2508109;3.4;4.1
2508208;3.0;4.3
2508307;3.4;4.3
2508406;3.9;4.3
2508505;4.3;4.2
2508554;4.2;4.2
2508604;4.2;4.0
2508703;3.0;4.2
2508802;4.0;4.3
2508901;3.0;4.2
2509008;3.8;4.2
2509057;3.2;3.9
2509107;3.3;4.3
2509156;3.7;4.5
2509206;3.7;4.1
2509305;3.7;4.1
2509339;3.6;4.4
2509370;4.3;4.0
2509396;4.4;4.1
2509404;3.6;4.2
2509503;4.1;5.0
2509602;4.2;4.5
2509701;4.8;4.9
2509800;3.5;4.1
2509909;3.8;5.0
2510006;3.8;4.1
2510105;3.0;4.1
2510204;4.1;4.2
2510303;4.4;4.3
2510402;4.0;4.1
2510501;4.4;5.0
2510600;;4.3
2510659;3.9;4.3
2510709;3.9;3.8
2510808;3.9;4.3
2510907;4.9;4.1
2511004;3.8;3.8
2511103;4.4;4.3
2511202;3.9;4.0
2511301;4.0;3.9
2511400;5.1;4.3
2511509;3.4;4.0
2511608;3.2;4.3
2511707;3.2;4.8
2511806;3.4;4.5
2511905;3.2;4.2
2512002;3.9;4.5
2512036;2.8;4.2
2512077;4.7;4.8
2512101;4.7;4.4
2512200;4.5;4.7
2512309;4.9;4.3
2512408;3.7;4.3
2512507;4.5;4.1
2512606;;5.5
2512705;3.3;4.3
2512721;3.8;4.5
2512747;3.9;4.2
2512754;3.6;4.2
2512762;3.6;4.3
2512788;3.4;4.2
2512804;4.0;4.1
2512903;2.9;4.2
2513000;4.2;4.2
2513109;3.4;4.5
2513158;4.0;4.5
2513208;3.9;4.1
2513307;5.0;4.3
2513356;3.6;4.2
2513406;4.7;4.4
2513505;4.2;4.9
2513604;3.0;4.4
2513653;3.2;4.6
2513703;3.4;4.2
2513802;4.4;4.3
2513851;5.4;4.0
2513901;4.3;4.3
2513927;4.6;4.8
2513943;4.5;4.2
2513968;4.5;4.4
2513984;5.4;4.6
2514008;4.3;3.8
2514107;4.8;3.9
2514206;4.0;4.3
2514305;4.2;4.6
2514404;4.3;3.9
2514453;3.0;3.9
2514503;3.5;4.6
2514552;3.6;4.0
2514602;4.7;3.9
2514651;4.6;4.4
2514701;5.2;4.5
2514800;3.8;4.3
2514909;4.3;3.9
2515005;3.1;4.4
2515104;4.1;4.6
2515203;3.8;4.5
2515302;3.4;4.1
2515401;4.4;4.5
2515500;3.9;4.9
2515609;3.8;4.9
2515708;4.7;5.0
2515807;2.8;3.9
2515906;;4.1
2515930;3.9;5.0
2515971;3.2;4.3
2516003;3.3;4.3
2516102;4.1;4.4
2516151;4.0;4.2
2516201;4.1;4.3
2516300;4.4;4.7
2516409;3.7;4.5
2516508;3.7;4.3
2516607;4.4;4.2
2516706;3.3;4.3
2516755;;4.3
2516805;3.4;4.1
2516904;3.5;4.6
2517001;4.5;5.3
2517100;5.8;4.9
2517209;4.7;5.0
2517407;4.8;4.9
2600054;4.2;4.2
2600104;5.4;4.2
2600203;4.8;4.1
2600302;4.8;4.5
2600401;4.2;3.9
2600500;4.7;3.8
2600609;4.0;4.6
2600708;3.9;4.1
2600807;4.6;4.2
2600906;3.2;4.4
2601003;3.8;4.0
2601052;4.2;4.2
2601102;4.4;5.0
2601201;5.0;4.6
2601300;6.2;4.3
2601409;3.9;4.2
2601508;4.9;4.5
2601607;4.7;4.7
2601706;4.1;4.3
2601805;4.6;4.3
2601904;4.9;4.6
2602001;4.0;4.6
2602100;4.4;4.2
2602209;4.7;4.5
2602308;6.8;4.2
2602407;4.2;4.4
2602506;5.8;4.7
2602605;4.2;4.2
2602704;4.1;4.1
2602803;4.4;4.0
2602902;4.2;4.4
2603009;4.6;4.3
2603108;4.6;4.3
2603207;4.8;4.0
2603306;4.7;4.2
2603405;4.8;4.4
2603454;4.7;4.5
2603504;4.6;5.0
2603603;;4.0
2603702;4.7;4.2
2603801;4.3;4.1
2603900;5.7;4.4
2603926;4.4;5.4
2604007;4.5;4.4
2604106;4.8;4.5
2604155;4.2;4.7
2604205;3.6;4.3
2604304;4.4;4.7
2604403;3.7;3.9
2604502;3.4;4.2
2604601;3.8;4.0
2604700;4.0;4.2
2604809;4.7;4.2
2604908;3.6;4.2
2605004;4.9;4.2
2605103;5.1;4.2
2605152;5.7;4.3
2605202;3.9;4.2
2605301;4.5;4.5
2605400;4.8;4.3
2605459;4.7;4.6
2605509;4.2;4.4
2605608;4.9;4.3
2605707;4.6;4.6
2605806;4.4;4.4
2605905;3.7;4.4
2606002;4.9;4.4
2606101;4.2;4.1
2606200;3.7;4.2
2606309;4.6;5.2
2606408;4.4;4.2
2606507;4.4;4.4
2606606;6.2;4.0
2606705;4.7;4.4
2606804;4.6;4.2
2606903;5.3;4.3
2607000;4.0;4.0
2607109;4.8;5.0
2607208;3.9;4.0
2607307;4.8;4.1
2607406;4.8;5.3
2607505;4.4;4.4
2607604;4.3;4.2
2607653;3.8;4.0
2607703;5.1;4.6
2607752;5.6;4.1
2607802;3.7;4.1
2607901;4.5;4.3
2607950;4.0;4.1
2608008;4.5;4.0
2608057;5.2;4.8
2608107;5.3;4.7
2608206;4.1;4.3
2608255;4.9;4.2
2608305;5.2;4.2
2608404;4.3;4.3
2608453;4.0;4.3
2608503;3.6;4.1
2608602;4.3;4.2
2608701;4.6;4.8
2608750;4.4;4.0
2608800;4.2;4.5
2608909;5.2;4.6
2609006;4.6;4.5
2609105;5.6;3.7
2609154;3.9;4.2
2609204;4.1;4.4
2609303;4.3;4.3
2609402;3.9;4.3
2609501;4.8;4.5
2609600;4.4;4.2
2609709;5.5;5.0
2609808;3.9;4.8
2609907;4.3;4.3
2610004;4.2;4.3
2610103;3.7;4.4
2610202;;4.1
2610301;4.6;4.4
2610400;4.5;4.1
2610509;4.9;4.3
2610608;4.3;4.4
2610707;4.2;4.3
2610806;4.5;4.3
2610905;4.8;4.3
2611002;4.0;4.1
2611101;5.0;4.5
2611200;5.3;4.6
2611309;3.2;4.3
2611408;4.1;3.7
2611507;4.1;4.4
2611533;5.7;5.0
2611606;4.8;4.3
2611705;4.1;4.2
2611804;3.8;4.7
2611903;4.5;4.4
2612000;4.8;4.6
2612109;4.5;4.1
2612208;4.9;4.3
2612307;4.7;4.5
2612406;3.9;4.2
2612455;4.0;4.5
2612471;4.5;4.1
2612505;4.3;4.7
2612554;4.1;4.3
2612604;4.0;4.1
2612703;3.4;4.2
2612802;4.4;4.4
2612901;4.1;3.9
2613008;5.0;4.3
2613107;4.3;4.1
2613206;4.4;4.4
2613305;4.4;4.4
2613404;4.3;4.2
2613503;5.0;4.6
2613602;5.3;4.7
2613701;4.3;4.5
2613800;4.2;4.2
2613909;4.9;4.6
2614006;4.9;4.3
2614105;4.7;4.6
2614204;3.9;4.2
2614303;5.0;4.7
2614402;5.6;4.7
2614501;4.7;4.7
2614600;5.1;4.2
2614709;4.5;4.4
2614808;4.7;4.8
2614857;4.1;4.2
2615003;4.8;4.6
2615102;4.7;4.3
2615201;5.2;4.2
2615300;5.3;4.2
2615409;3.5;4.6
2615508;5.2;4.2
2615607;5.0;4.5
2615706;5.3;5.0
2615805;4.8;4.2
2615904;5.5;4.6
2616001;5.0;4.5
2616100;3.9;4.4
2616183;4.8;4.5
2616209;;4.4
2616308;4.6;4.3
2616407;3.7;4.2
2616506;4.1;4.2
2700102;4.1;4.3
2700201;4.2;4.0
2700300;4.7;4.3
2700409;4.4;4.4
2700508;3.6;3.8
2700607;4.1;4.4
2700706;4.7;4.5
2700805;5.1;4.0
2700904;4.2;4.6
2701001;4.3;4.1
2701100;4.9;4.1
2701209;4.6;4.4
2701308;4.1;4.1
2701357;4.8;4.6
2701407;5.7;4.3
2701506;4.2;4.2
2701605;4.7;4.5
2701704;4.0;4.3
2701803;4.8;4.1
2701902;4.7;4.5
2702009;5.6;4.3
2702108;4.7;4.0
2702207;4.4;4.2
2702306;7.2;4.5
2702355;4.6;4.0
2702405;4.3;4.3
2702504;4.5;4.3
2702553;3.8;4.5
2702603;4.0;3.7
2702702;5.2;3.7
2702801;3.9;4.1
2702900;5.3;3.9
2703007;4.1;4.2
2703106;4.4;4.4
2703205;4.1;4.4
2703304;4.4;4.4
2703403;4.5;4.7
2703502;4.4;4.1
2703601;3.6;3.9
2703700;4.5;4.5
2703759;7.2;4.3
2703809;3.9;4.1
2703908;4.1;3.8
2704005;6.3;4.5
2704104;4.2;4.2
2704203;5.5;4.7
2704302;4.2;4.3
2704401;;4.4
2704500;3.5;4.1
2704609;4.8;4.1
2704708;4.8;4.3
2704807;4.4;4.2
2704906;4.2;4.8
2705002;4.3;4.3
2705101;4.3;4.5
2705200;4.5;4.8
2705309;4.9;4.2
2705408;4.4;4.3
2705507;4.3;4.5
2705606;4.1;4.1
2705705;4.0;4.3
2705804;3.1;4.3
2705903;5.0;4.2
2706000;4.2;4.4
2706109;4.8;4.3
2706208;5.0;4.5
2706307;4.4;4.5
2706406;4.3;4.3
2706422;4.6;4.0
2706448;3.8;4.3
2706505;3.7;3.9
2706604;4.1;3.8
2706703;4.9;4.2
2706802;3.8;4.2
2706901;4.1;4.1
2707008;4.8;5.0
2707107;4.9;4.8
2707206;4.0;4.3
2707305;3.8;4.2
2707404;3.4;3.8
2707503;3.5;5.1
2707602;;4.6
2707701;4.2;4.3
2707800;4.1;4.4
2707909;4.0;4.2
2708006;4.3;4.1
2708105;5.5;4.9
2708204;3.7;4.5
2708303;4.6;4.6
2708402;4.6;3.9
2708501;4.1;4.1
2708600;5.1;4.3
2708709;4.9;3.8
2708808;4.0;4.0
2708907;4.8;4.1
2708956;4.4;4.3
2709004;4.4;4.2
2709103;4.6;3.9
2709152;6.7;4.2
2709202;4.3;4.4
2709301;4.8;4.3
2709400;4.9;4.4
2800100;4.3;5.0
2800209;3.2;3.9
2800308;3.7;4.6
2800407;3.3;4.4
2800506;3.3;4.2
2800605;3.2;4.4
2800670;3.2;4.5
2800704;4.0;4.3
2801009;3.8;4.7
2801108;4.0;5.0
2801207;3.8;4.6
2801306;3.6;4.0
2801405;2.8;4.3
2801504;3.5;4.3
2801603;5.4;4.3
2801702;4.0;4.5
2801900;3.3;4.6
2802007;3.6;4.5
2802106;3.8;4.4
2802205;2.6;4.3
2802304;3.0;4.3
2802403;3.6;4.0
2802502;3.8;4.8
2802601;3.8;4.7
2802700;;4.3
2802809;3.5;4.4
2802908;3.4;4.5
2803005;4.7;4.4
2803104;3.7;4.9
2803203;3.8;4.6
2803302;4.0;4.4
2803401;3.4;4.7
2803500;4.1;4.8
2803609;2.8;4.6
2803708;3.8;4.3
2803807;4.1;4.4
2803906;3.7;4.4
2804003;3.1;4.2
2804102;4.6;4.5
2804201;4.1;4.8
2804300;3.6;4.2
2804409;4.0;4.6
2804458;4.0;4.6
2804508;3.0;4.5
2804607;3.5;4.2
2804706;4.3;4.9
2804805;3.4;4.5
2804904;3.1;4.1
2805000;1.9;4.9
2805109;3.7;4.5
2805208;2.6;4.7
2805307;3.0;4.8
2805406;2.8;4.0
2805505;4.2;4.5
2805604;3.4;4.4
2805703;3.5;4.1
2805802;3.4;4.4
2805901;3.5;4.4
2916609;;4.1
2806008;3.6;4.4
2806107;2.7;4.3
2806206;3.8;4.7
2806305;2.9;4.4
2806404;3.4;4.1
2806503;2.8;4.5
2806602;3.6;4.4
2806701;3.5;4.7
2806800;4.0;4.7
2806909;3.7;4.8
2807006;3.0;4.5
2807105;4.2;4.8
2807204;3.6;4.5
2807303;3.9;4.2
2807402;3.7;4.5
2807501;3.7;4.0
2807600;3.6;4.4
2900108;4.7;5.4
2900207;4.9;4.4
2900306;3.0;4.5
2900355;4.7;4.8
2900405;3.3;4.1
2900504;3.7;4.8
2900603;3.3;3.8
2900702;3.7;4.4
2900801;3.3;4.5
2900900;3.9;4.5
2901007;3.7;4.4
2901106;3.4;4.4
2901155;4.4;4.2
2901205;4.4;4.5
2901304;4.3;4.3
2901353;2.6;4.3
2901403;3.7;4.2
2901502;3.2;4.2
2901601;3.9;4.2
2901700;2.3;4.1
2901809;4.1;5.0
2901908;3.4;4.5
2901957;3.4;4.0
2902005;4.2;4.6
2902054;4.4;4.4
2902104;3.8;3.8
2902203;4.5;4.3
2902252;3.0;4.0
2902302;3.4;4.2
2902401;3.3;4.2
2902500;3.8;5.3
2902609;3.5;4.2
2902658;3.5;4.2
2902708;3.5;4.4
2902807;4.3;4.9
2902906;3.8;4.7
2903003;4.7;4.7
2903102;3.5;4.0
2903201;4.3;4.7
2903235;4.2;4.9
2903276;4.0;4.4
2903300;4.2;4.6
2903409;3.2;4.7
2903508;3.7;4.6
2903607;3.0;3.9
2903706;3.8;5.3
2903805;4.1;4.0
2903904;4.1;4.8
2903953;3.7;4.3
2904001;4.4;4.6
2904050;4.0;5.1
2904100;4.6;4.4
2904209;4.8;4.7
2904308;4.0;5.0
2904407;3.7;4.5
2904506;4.3;4.3
2904605;5.1;4.6
2904704;2.9;4.7
2904753;3.7;4.4
2904803;4.1;4.3
2904852;3.3;3.9
2904902;3.1;3.9
2905008;5.2;5.0
2905107;3.2;4.1
2905156;3.6;4.7
2905206;4.3;4.7
2905305;4.2;4.1
2905404;;3.9
2905503;;3.8
2905602;3.6;4.4
2905701;4.2;4.3
2905800;3.7;4.1
2905909;3.5;4.5
2906006;3.2;4.2
2906105;3.7;4.3
2906204;4.3;4.2
2906303;3.3;4.3
2906402;2.9;4.0
2906501;3.6;4.2
2906600;4.2;4.6
2906709;3.2;4.1
2906808;2.7;4.0
2906824;3.7;4.0
2906857;3.4;4.8
2906873;4.0;4.3
2906899;2.9;4.3
2906907;;4.3
2907004;3.7;4.4
2907103;4.1;4.3
2907202;3.4;4.1
2907301;4.3;4.2
2907400;4.1;4.4
2907509;3.9;4.4
2907558;4.6;4.1
2907608;3.8;4.5
2907707;4.3;4.5
2907806;;4.4
2907905;3.7;4.5
2908002;3.4;4.4
2908101;4.0;5.4
2908200;3.4;4.3
2908309;3.8;4.4
2908408;3.5;4.2
2908507;3.4;4.6
2908606;3.9;5.0
2908705;5.1;5.1
2908804;3.8;4.4
2908903;3.3;4.6
2909000;5.0;4.5
2909109;4.9;5.2
2909208;3.3;3.7
2909307;3.7;4.7
2909406;3.5;4.0
2909505;4.5;4.0
2909604;3.9;4.2
2909703;4.3;4.5
2909802;4.0;4.3
2909901;3.6;4.3
2910008;4.3;4.4
2910057;3.8;4.4
2910107;4.5;4.3
2910206;4.0;4.2
2910305;4.4;4.5
2910404;4.7;5.2
2910503;3.2;4.5
2910602;3.0;4.4
2910701;3.5;4.0
2910727;3.6;4.5
2910750;3.8;4.3
2910776;5.2;4.1
2910800;3.6;4.5
2910859;3.7;4.2
2910909;4.9;3.7
2911006;4.4;4.3
2911105;3.8;4.2
2911204;4.1;4.6
2911253;3.8;4.9
2911303;4.4;4.3
2911402;4.0;4.9
2911501;4.5;4.7
2911600;3.4;4.1
2911659;4.2;4.6
2911709;4.2;4.5
2911808;3.5;4.5
2911857;3.4;4.3
2911907;3.9;4.0
2912004;4.7;5.1
2912103;3.4;4.2
2912202;4.0;4.8
2912301;4.0;4.3
2912400;4.0;4.2
2912509;4.3;4.9
2912608;3.2;3.7
2912707;3.4;4.4
2912806;4.0;4.7
2912905;3.1;4.1
2913002;5.2;5.4
2913101;4.0;4.5
2913200;3.4;4.6
2913309;4.0;4.5
2913408;3.8;4.4
2913457;3.0;4.1
2913507;2.9;4.3
2913606;3.8;4.6
2913705;3.2;4.2
2913804;2.5;4.0
2913903;3.8;4.1
2914000;3.3;4.2
2914109;4.5;4.3
2914208;4.3;4.1
2914307;;4.0
2914406;4.7;4.7
2914505;3.2;4.5
2914604;4.9;4.8
2914653;3.5;4.4
2914703;3.7;4.3
2914802;3.6;4.7
2914901;3.5;4.5
2915007;4.1;5.1
2915106;3.0;4.1
2915205;4.7;4.2
2915304;3.1;4.0
2915353;;4.8
2915403;3.3;4.4
2915502;3.4;4.4
2915601;4.4;4.4
2915700;;3.4
2915809;3.1;4.3
2915908;3.3;4.0
2916005;4.5;4.5
2916104;4.1;4.3
2916203;3.6;3.9
2916302;;4.1
2916401;3.4;4.4
2916500;3.3;4.2
2916708;3.4;3.9
2916807;2.8;4.0
2916856;4.8;3.9
2916906;3.2;4.0
2917003;3.5;4.7
2917102;3.7;4.1
2917201;3.9;4.8
2917300;3.9;4.0
2917334;4.3;4.6
2917359;4.7;4.6
2917409;6.3;5.8
2917508;3.7;4.3
2917607;3.7;4.1
2917706;3.7;4.2
2917805;3.8;4.4
2917904;3.4;4.5
2918001;3.3;4.1
2918100;3.1;4.2
2918209;3.8;4.6
2918308;4.2;4.1
2918357;4.8;4.7
2918407;4.2;4.3
2918456;3.7;4.0
2918506;;4.1
2918555;3.3;4.3
2918605;4.4;4.9
2918704;3.8;5.1
2918753;3.5;4.2
2918803;4.2;5.2
2918902;;5.6
2919009;4.3;4.5
2919058;4.3;4.4
2919108;3.4;3.8
2919157;3.9;4.5
2919207;3.8;4.4
2919306;4.0;4.5
2919405;6.0;4.7
2930600;;4.1
2919504;4.4;5.4
2919553;4.7;4.7
2919603;2.8;4.3
2919702;4.7;4.9
2919801;4.8;5.2
2919900;3.9;4.3
2919926;;4.3
2919959;;4.4
2920007;3.6;4.2
2920106;3.3;4.5
2920205;4.2;4.3
2920304;4.7;4.5
2920403;3.6;4.6
2920452;;4.8
2920502;4.1;4.6
2920601;3.4;4.1
2920700;3.8;4.5
2920809;4.0;4.4
2920908;3.4;4.0
2921005;4.8;4.3
2921054;4.1;4.1
2921104;4.1;4.7
2921203;3.3;4.5
2921302;4.0;4.8
2921401;;4.1
2921450;4.2;4.7
2921500;3.4;4.5
2921609;3.1;3.9
2921708;3.9;4.5
2921807;4.6;4.6
2921906;4.3;4.9
2922003;3.9;4.3
2922052;3.9;4.8
2922102;4.7;4.5
2922201;4.5;4.5
2922250;4.5;4.5
2922300;3.1;4.1
2922409;3.0;4.6
2922508;4.4;4.1
2922607;3.3;4.0
2922656;3.6;4.6
2922706;3.5;4.6
2922730;;4.8
2922755;3.7;4.5
2922805;3.8;4.3
2922854;;4.4
2922904;3.1;3.9
2923001;3.9;4.3
2923035;6.0;4.8
2923050;3.2;3.7
2923100;3.5;3.8
2923209;4.0;4.1
2923308;3.5;4.5
2923357;3.5;4.3
2923407;3.1;4.3
2923506;3.4;4.9
2923605;4.6;5.0
2923704;4.0;4.6
2923803;4.1;4.0
2923902;3.2;4.1
2924009;4.7;4.2
2924058;4.0;5.2
2924108;2.9;4.4
2924207;3.6;4.0
2924306;4.7;5.0
2924405;3.3;4.2
2924504;3.6;4.3
2924603;3.3;4.6
2924652;4.1;5.1
2924678;3.0;4.4
2924702;5.3;4.5
2924801;3.4;4.4
2924900;4.0;4.4
2925006;3.5;4.4
2925105;4.1;4.7
2925204;3.7;4.3
2925253;3.8;4.6
2925303;3.6;4.5
2925402;3.6;4.2
2925501;3.7;4.4
2925600;3.9;4.9
2925709;;4.9
2925758;3.6;4.2
2925808;;3.8
2925907;3.2;4.1
2925931;5.0;4.0
2925956;4.0;4.0
2926004;3.7;4.3
2926103;3.7;4.7
2926202;3.9;4.7
2926301;3.6;4.3
2926400;4.8;4.7
2926509;4.4;4.5
2926608;4.7;4.6
2926657;3.1;4.4
2926707;4.5;5.3
2926806;4.0;4.8
2926905;3.7;4.3
2927002;3.3;4.8
2927101;3.8;5.6
2927200;3.6;4.2
2927309;3.8;4.3
2927408;3.7;4.5
2927507;3.0;4.2
2927606;4.3;4.3
2927705;3.7;4.6
2927804;4.1;4.8
2927903;4.4;4.3
2928000;3.9;4.4
2928059;2.9;4.4
2928109;3.9;4.5
2928208;3.7;5.1
2928307;3.1;4.2
2928406;4.1;4.1
2928505;4.4;4.5
2928604;2.9;4.2
2928703;3.9;4.7
2928802;3.3;4.4
2928901;3.8;4.6
2928950;4.2;5.0
2929008;3.3;4.1
2929057;4.5;4.4
2929107;3.2;4.1
2929206;3.0;4.3
2929255;3.8;4.4
2929305;3.3;4.7
2929354;2.9;4.1
2929370;3.6;4.5
2929404;3.6;4.4
2929503;3.8;4.3
2929602;3.7;4.4
2929701;3.8;4.2
2929750;3.8;4.1
2929800;4.3;4.1
2929909;4.9;4.9
2930006;5.1;4.3
2930105;3.6;4.8
2930154;;4.8
2930204;3.2;4.4
2930303;4.0;4.6
2930402;3.5;4.3
2930501;3.3;4.2
2930709;3.1;4.3
2930758;3.9;4.6
2930766;;4.4
2930774;4.4;4.2
2930808;4.5;5.0
2930907;3.7;5.1
2931004;;4.3
2931053;4.5;4.7
2931103;2.9;4.1
2931202;3.4;4.7
2931301;4.3;4.5
2931350;4.0;4.8
2931400;3.6;3.8
2931509;3.6;4.3
2931608;3.8;4.3
2931707;2.9;4.3
2931806;4.0;4.4
2931905;3.6;4.4
2932002;4.0;4.5
2932101;3.5;4.4
2932200;4.2;4.7
2932309;2.9;4.0
2932408;4.4;4.8
2932457;3.6;4.0
2932507;;4.4
2932606;;4.4
2932705;2.9;4.3
2932804;4.2;4.2
2932903;3.5;4.5
2933000;4.1;4.1
2933059;2.9;3.8
2933109;3.4;4.1
2933158;3.8;4.1
2933174;4.1;4.4
2933208;3.5;4.1
2933257;4.5;4.2
2933307;4.5;4.4
2933406;4.4;4.7
2933455;3.9;4.3
2933505;3.4;4.2
2933604;3.8;4.0
3100104;5.6;5.7
3100203;4.9;5.1
3100302;5.2;5.5
3100401;4.4;5.7
3100500;4.5;4.5
3100609;4.3;4.6
3100708;4.7;5.2
3100807;4.6;5.4
3100906;4.5;4.8
3101003;4.3;4.7
3101102;4.8;4.7
3101201;5.1;6.0
3101300;5.2;6.1
3101409;;5.3
3101508;4.0;4.7
3101607;4.9;5.5
3101631;5.0;6.0
3101706;3.9;4.6
3101805;3.7;4.7
3101904;5.3;6.0
3102001;5.4;5.2
3102050;5.5;5.1
3102100;5.1;5.6
3102209;3.7;4.8
3102308;4.0;5.5
3102407;3.9;4.2
3102506;;4.6
3102605;5.5;6.1
3102704;4.7;5.0
3102803;4.5;5.5
3102852;4.6;4.8
3102902;5.1;5.8
3103009;4.5;4.9
3103108;3.9;6.1
3103207;4.5;5.3
3103306;4.1;6.1
3103405;4.3;4.8
3103504;5.1;5.6
3103603;5.2;5.8
3103702;4.7;5.0
3103751;5.0;5.0
3103801;5.4;5.9
3103900;5.0;5.6
3104007;5.3;6.0
3104106;4.5;5.4
3104205;5.5;6.1
3104304;5.6;6.1
3104403;3.9;6.0
3104452;5.0;4.6
3104502;4.6;5.2
3104601;4.7;5.8
3104700;3.9;4.8
3104809;4.9;5.6
3104908;5.1;5.9
3105004;4.8;5.6
3105103;4.6;5.1
3105202;4.2;4.6
3105301;5.4;5.5
3105400;4.5;5.0
3105509;4.6;4.4
3105608;5.2;5.8
3105707;3.8;4.5
3105905;4.7;5.0
3106002;4.8;3.7
3106101;;3.6
3106200;4.7;5.3
3106309;4.9;5.5
3106408;;4.6
3106507;5.4;5.6
3106606;3.9;5.4
3106655;4.4;5.4
3106705;5.1;5.5
3106804;4.7;6.2
3106903;4.5;5.8
3107000;4.4;5.2
3107109;4.8;5.7
3107208;4.1;4.5
3107307;4.3;5.0
3107406;4.9;4.8
3107505;4.6;5.8
3107604;5.0;6.3
3107703;4.5;5.4
3107802;4.5;4.6
3107901;4.6;5.1
3108008;5.1;5.6
3108107;5.1;5.3
3108206;5.0;5.0
3108255;4.1;4.0
3108305;4.9;5.6
3108404;5.2;5.8
3108503;4.4;4.8
3108552;4.2;5.0
3108602;4.8;4.7
3108701;5.3;5.1
3108800;4.4;5.2
3108909;4.7;5.4
3109006;5.3;5.6
3109105;5.1;5.9
3109204;4.9;5.5
3109253;5.1;4.7
3109303;4.3;5.3
3109402;3.9;4.8
3109451;4.1;4.8
3109501;4.9;5.8
3109600;4.5;6.0
3109709;5.8;6.2
3109808;5.4;6.0
3109907;4.8;5.3
3110004;4.7;6.0
3110103;4.6;5.1
3110202;4.3;6.1
3110301;5.4;6.2
3110400;5.8;6.0
3110509;4.6;5.5
3110608;5.0;5.6
3110707;4.7;5.1
3110806;4.0;4.2
3110905;4.8;5.1
3111002;4.9;5.2
3111101;5.2;5.4
3111150;4.6;5.0
3111200;5.2;5.1
3111309;5.1;5.0
3111408;3.7;6.0
3111507;4.1;5.6
3111606;4.7;6.1
3111705;4.4;4.9
3111804;4.4;5.0
3111903;5.4;5.2
3112000;5.2;5.2
3112059;4.5;4.6
3112109;4.5;4.8
3112208;5.0;5.6
3112307;5.2;4.9
3112406;4.9;5.8
3112505;3.9;4.6
3112604;4.6;5.3
3112653;3.9;4.7
3112703;3.8;4.7
3112802;5.2;6.1
3112901;3.6;4.9
3113008;3.7;4.3
3113107;5.0;4.3
3113206;5.1;5.4
3113305;3.8;5.1
3113404;4.6;5.0
3113503;4.0;5.2
3113602;4.5;4.7
3113701;3.8;4.7
3113800;5.0;5.5
3113909;4.0;5.1
3114006;4.9;5.2
3114105;4.2;5.4
3114204;4.7;5.3
3114303;5.3;5.5
3114402;4.9;6.2
3114501;5.1;6.0
3114550;4.1;5.5
3114600;5.4;5.8
3114709;5.8;5.9
3114808;4.8;5.8
3114907;5.0;5.4
3115003;5.6;5.9
3115102;4.5;5.7
3115201;5.1;5.5
3115300;4.4;5.7
3115359;5.1;5.0
3115409;4.8;5.2
3115458;3.0;4.3
3115474;4.5;5.0
3115508;4.2;5.2
3115607;;6.2
3115706;4.9;4.5
3115805;4.6;5.4
3115904;4.8;4.6
3116001;4.7;5.4
3116100;4.9;5.3
3116159;4.7;4.9
3116209;4.9;5.7
3116308;;5.0
3116407;;5.9
3116506;4.1;5.5
3116605;5.6;5.9
3116704;5.0;5.9
3116803;4.9;5.0
3116902;4.6;5.4
3117009;4.1;4.4
3117108;5.5;6.2
3117207;5.1;5.8
3117306;4.8;5.4
3117405;4.6;5.9
3117504;4.1;5.0
3117603;4.1;5.3
3117702;3.6;5.1
3117801;5.5;5.7
3117836;4.4;4.6
3117876;4.7;5.2
3117900;4.9;5.9
3118007;4.9;5.5
3118106;3.8;4.6
3118205;4.2;5.2
3118304;5.1;5.6
3118403;4.8;4.7
3118502;4.6;5.8
3118601;4.7;5.4
3118700;5.0;5.1
3118809;4.8;5.2
3118908;4.6;5.8
3119005;5.0;5.6
3119104;4.7;5.5
3119203;4.7;5.3
3119302;5.5;5.6
3119401;4.9;5.0
3119500;4.6;5.0
3119609;5.2;5.0
3119708;5.4;6.2
3119807;4.9;4.2
3119906;6.2;5.0
3119955;5.2;5.4
3120003;5.0;5.7
3120102;4.9;5.4
3120151;3.7;4.5
3120201;5.7;4.9
3120300;4.3;4.4
3120409;4.1;5.0
3120508;;5.3
3120607;4.9;5.0
3120706;5.5;5.8
3120805;5.2;5.1
3120839;5.1;4.6
3120870;3.8;4.5
3120904;4.6;5.0
3121001;4.8;4.9
3121100;5.3;6.3
3121209;4.1;5.9
3121258;4.9;5.0
3121308;5.1;5.4
3121407;5.0;5.3
3121506;5.3;6.0
3121605;4.5;4.8
3121704;4.5;4.8
3121803;5.4;5.9
3121902;4.6;6.2
3122009;4.4;5.4
3122108;3.8;5.1
3122207;4.1;4.8
3122306;5.4;5.6
3122355;4.5;4.5
3122405;4.7;5.4
3122454;4.7;4.5
3122470;5.6;5.1
3122504;4.5;5.6
3122603;5.4;5.0
3122702;5.3;5.9
3122801;6.2;5.9
3122900;5.1;5.8
3142254;;4.9
3123007;4.4;5.4
3123106;4.4;5.7
3123205;4.6;5.8
3123304;5.3;5.9
3123403;5.5;6.3
3123502;5.1;5.9
3123528;4.4;5.4
3123601;4.6;5.8
3123700;4.6;5.1
3123809;4.3;4.3
3123858;5.8;5.0
3123908;5.5;6.0
3124005;4.1;5.5
3124104;4.1;5.2
3124203;4.1;5.4
3124302;4.8;4.7
3124401;4.7;5.7
3124500;5.0;5.9
3124609;4.4;5.9
3124708;5.4;5.5
3124807;5.0;5.7
3124906;4.2;5.5
3125002;4.5;5.1
3125101;5.4;6.0
3125200;5.0;4.6
3125309;4.0;5.1
3125408;5.0;4.6
3125507;5.3;4.9
3125606;4.4;4.7
3125705;4.5;5.0
3125804;3.8;4.4
3125903;4.4;5.1
3125952;4.3;5.6
3126000;5.0;5.5
3126109;5.0;5.9
3126208;4.7;4.8
3126307;4.8;5.4
3126406;5.4;6.3
3126505;4.9;5.1
3126604;4.3;5.2
3126703;4.4;4.8
3126752;4.0;4.4
3126802;3.8;4.6
3126901;3.5;4.5
3126950;4.8;5.1
3127008;4.2;4.6
3127057;4.3;4.1
3127073;4.6;4.4
3127107;4.6;5.6
3127206;4.3;4.7
3127305;;5.2
3127339;3.7;5.3
3127354;4.0;5.3
3127370;;5.0
3127388;4.0;5.6
3127404;4.6;5.2
3127503;3.9;4.4
3127602;5.1;6.2
3127701;4.6;4.7
3127800;4.7;4.5
3127909;5.2;5.5
3128006;4.8;5.0
3128105;5.3;5.3
3128204;4.6;5.3
3128253;3.9;4.7
3128303;4.9;5.8
3128402;5.1;6.1
3128501;;5.8
3128600;4.2;4.5
3128709;4.7;5.9
3128808;4.1;5.9
3128907;4.7;5.4
3129004;5.3;5.8
3129103;4.3;5.0
3129202;4.7;5.1
3129301;4.4;4.9
3129400;4.2;5.6
3129509;4.4;5.4
3129608;3.7;4.6
3129657;5.1;4.3
3129707;4.6;5.5
3129806;4.5;5.3
3129905;5.6;6.4
3130002;4.3;6.0
3130051;4.1;4.2
3130101;4.4;5.2
3130200;5.2;5.3
3130309;4.6;5.5
3130408;4.7;5.4
4202131;;5.3
3130507;5.3;5.3
3130556;4.6;5.2
3130606;4.4;5.8
3130655;4.8;5.0
3130705;4.8;4.6
3130804;4.5;5.4
3130903;5.4;5.3
3131000;4.4;5.5
3131109;4.5;5.1
3131158;4.8;4.7
3131208;5.3;5.1
3131307;5.3;5.3
3131406;4.2;5.6
3131505;4.9;5.4
3131604;4.7;4.9
3131703;4.8;5.3
3131802;4.2;4.6
3131901;4.8;5.6
3132008;5.8;5.4
3132107;4.3;5.0
3132206;5.5;5.6
3132305;2.8;4.6
3132404;4.9;5.5
3132503;5.3;5.3
3132602;4.0;5.3
3132701;3.8;4.6
3132800;;6.1
3132909;5.1;5.8
3133006;4.5;5.1
3133105;5.0;5.7
3133204;4.4;4.6
3133303;4.4;4.5
3133402;4.5;6.3
3133501;5.0;5.4
3133600;5.2;5.6
3133709;5.4;5.7
3133758;5.8;4.8
3133808;5.3;5.9
3133907;4.5;5.1
3134004;3.7;4.3
3134103;4.7;5.8
3134202;4.7;5.8
3134301;4.2;6.0
3134400;5.0;5.1
3134509;;5.1
3134608;4.4;4.8
3134707;3.4;5.1
3134806;5.2;6.1
3134905;5.3;5.5
3135001;4.7;5.4
3135050;4.4;4.7
3135076;3.6;4.6
3135100;4.6;5.2
3135209;4.3;4.5
3135308;6.2;6.1
3135357;4.4;4.5
3135407;4.8;5.6
3135456;5.0;4.5
3135506;4.0;4.9
3135605;4.2;5.0
3135704;4.6;5.0
3135803;4.0;5.2
3135902;4.8;5.4
3136009;4.4;4.8
3136108;5.1;5.2
3136207;4.9;5.4
3136306;4.9;5.5
3136405;4.7;5.6
3136504;4.4;5.2
3136520;5.2;4.7
3136553;5.1;5.0
3136579;3.9;4.5
3136603;4.3;5.1
3136652;5.2;5.6
3136702;4.2;5.2
3136801;3.9;4.3
3136900;5.7;6.0
3136959;4.3;4.3
3137007;3.4;4.0
3137106;5.1;6.3
3137205;5.1;5.6
3137304;4.3;5.3
3137403;5.6;6.0
3137502;5.5;6.1
3137536;4.5;5.4
3137601;4.2;5.4
3137700;4.2;5.5
3137809;5.5;5.6
3137908;4.7;5.7
3138005;4.5;5.6
3138104;4.8;5.0
3138203;4.9;5.4
3138302;4.2;4.7
3138351;5.8;6.0
3138401;4.3;4.8
3138500;4.6;5.2
3138609;4.5;6.1
3138625;4.8;5.0
3138658;4.8;4.7
3138674;4.8;5.1
3138682;4.8;4.2
3138708;5.3;5.2
3138807;4.8;4.9
3138906;4.3;4.7
3139003;4.5;5.4
3139102;4.8;5.6
3139201;4.2;4.7
3139250;4.3;5.2
3139300;3.6;5.0
3139409;4.5;4.7
3139508;4.4;5.3
3139607;5.3;5.2
3139706;4.6;5.4
3139805;4.2;5.5
3139904;4.5;5.7
3140001;4.5;4.9
3140100;4.6;5.1
3140159;3.5;5.4
3140209;4.6;6.3
3140308;4.9;4.9
3140407;5.5;5.4
3140506;4.6;5.1
3140530;;5.4
3140555;4.2;4.5
3140605;4.2;5.5
3140704;4.6;5.6
3140803;4.0;5.2
3140852;3.8;4.9
3140902;4.6;4.6
3141009;5.0;5.1
3141108;4.2;5.2
3141207;;5.5
3141306;5.6;6.4
3141405;4.5;4.3
3141504;5.4;5.1
3141603;3.9;5.5
3141702;4.4;5.4
3141801;5.1;5.2
3141900;4.6;6.2
3142007;4.8;4.7
3142106;5.6;5.2
3142205;4.7;4.6
3142304;4.2;5.4
3142403;5.6;5.6
3142502;5.1;4.9
3142601;5.5;6.0
3142700;4.5;4.3
3142809;4.7;5.2
3142908;4.6;5.5
3143005;5.4;5.5
3143104;5.2;5.5
3143153;4.1;4.5
3143203;4.8;5.3
3143302;4.9;5.3
3143401;5.3;5.3
3143450;4.6;4.7
3143500;5.0;5.4
3143609;4.7;5.7
3143708;4.7;4.8
3143807;4.3;4.4
3143906;5.2;5.5
3144003;5.5;5.5
3144102;5.1;5.8
3144201;4.2;4.5
3144300;3.9;4.7
3144359;4.2;4.6
3144375;;4.9
3144409;5.7;5.9
3144508;5.0;6.1
3144607;4.3;5.1
3144656;4.3;4.2
3144672;4.2;4.7
3144706;5.0;5.4
3144805;4.2;5.4
3144904;3.9;4.4
3145000;5.9;4.8
3145059;4.0;4.8
3145109;5.3;5.8
3145208;5.2;5.2
3145307;4.3;4.5
3145356;3.5;4.5
3145372;4.8;4.5
3145406;5.3;5.1
3145455;4.4;4.6
3145505;5.5;5.0
3145604;4.6;5.3
3145703;5.6;5.4
3145802;4.3;5.1
3145851;4.0;4.8
3145877;4.4;5.0
3145901;4.9;5.6
3146008;5.5;5.6
3146107;4.3;5.4
3146206;3.7;4.3
3146255;3.9;4.3
3146305;3.6;4.7
3146404;4.6;5.6
3146503;5.4;6.1
3146552;4.7;4.8
3146602;5.7;5.9
3146701;4.0;4.8
3146750;4.2;4.7
3146909;4.4;5.4
3147006;4.4;5.1
3147105;5.0;5.2
3147204;4.8;5.9
3147303;5.3;5.5
3147402;4.6;5.1
3147501;4.4;5.4
3147600;4.8;5.0
3147709;4.2;5.6
3147808;3.6;5.5
3147907;5.1;5.6
3147956;3.7;4.6
3148004;5.2;5.6
3148103;4.9;5.3
3148202;4.2;5.3
3148301;4.6;5.5
3148400;4.4;5.2
3148509;4.3;4.8
3148608;4.6;5.1
3148707;3.8;4.7
3148756;4.1;4.8
3148806;4.0;4.7
3148905;6.0;5.7
3149002;5.4;5.4
3149101;5.4;5.5
3149150;4.4;4.1
3149200;4.5;5.1
3149309;4.8;5.4
3149408;4.4;5.5
3149507;4.0;6.2
3149606;4.6;4.9
3149705;4.9;5.1
3149804;4.9;5.4
3149903;5.1;5.5
3149952;4.1;4.2
3150000;3.8;4.2
3150109;;5.0
3150158;3.6;5.1
3150208;3.7;5.5
3150307;4.6;5.9
3150406;5.2;5.7
3150505;5.2;6.2
3150539;4.6;5.6
3150570;3.8;4.2
3150604;4.7;4.9
3150703;4.3;5.4
3150802;5.1;5.4
3150901;4.5;5.3
3151008;5.1;5.3
3151107;4.1;5.9
3151206;4.0;5.5
3151305;4.8;5.3
3151404;4.8;5.0
3151503;4.5;5.7
3151602;3.5;5.1
3151701;5.7;5.9
3151800;5.0;5.7
3151909;4.8;5.7
3152006;4.5;5.2
3152105;4.0;5.0
3152131;3.5;4.9
3152170;4.3;4.5
3152204;5.1;5.3
3152303;5.2;5.2
3152402;4.0;4.3
3152501;5.0;5.3
3152600;4.7;5.1
3152709;5.5;5.6
3152808;4.8;5.4
3152907;4.1;4.9
3153004;5.3;6.1
3153103;4.9;5.9
3153202;4.4;5.3
3153301;4.7;4.8
3153400;5.5;6.4
3153509;4.8;5.4
3153608;3.9;5.3
3153707;5.0;5.2
3153806;6.2;6.1
3153905;4.7;5.5
3154002;5.5;5.5
3154101;4.4;5.6
3154150;4.0;5.2
3154200;4.8;5.2
3154309;4.9;4.4
3154408;5.5;5.4
3154457;5.0;5.1
3154507;4.7;5.1
3154606;4.2;5.1
3154705;4.1;5.0
3154804;4.0;4.9
3154903;5.0;4.9
3155009;4.7;4.7
3155108;3.6;4.8
3155207;4.4;5.6
3155306;4.8;5.2
3155405;3.9;5.4
3155504;5.3;5.6
3155603;4.9;4.8
3155702;5.1;5.7
3155801;4.3;5.2
3155900;5.2;5.3
3156007;3.5;5.2
3156106;4.6;5.1
3156205;5.2;4.3
3156304;3.9;5.6
3156403;4.5;4.6
3156452;5.1;5.1
3156502;3.8;4.0
3156601;4.1;4.9
3156700;4.6;5.3
3156809;3.4;4.9
3156908;4.7;5.7
3157005;4.6;5.0
3157104;3.8;5.0
3157203;5.2;4.9
3157252;5.0;5.1
3157278;4.7;5.4
3157302;5.0;6.1
3157336;3.9;5.2
3157377;4.7;5.0
3157401;4.1;4.6
3157500;4.7;5.0
3157609;4.0;4.1
3157658;3.9;4.3
3157708;4.2;5.3
3157807;4.3;5.2
3157906;3.9;4.9
3158003;4.6;4.9
3158102;4.0;4.7
3158201;5.1;4.6
3158300;5.2;5.2
3158409;5.1;5.8
3158508;4.8;4.9
3158607;3.3;5.2
3158706;5.2;5.3
3158805;5.0;5.8
3158904;4.4;4.6
3158953;4.5;4.7
3159001;4.0;5.1
3159100;4.0;4.9
4305850;;5.5
3159209;5.3;6.0
3159308;;4.6
3159357;4.9;6.0
3159407;4.8;5.2
3159506;5.0;5.4
3159605;5.3;6.0
3159704;5.3;6.1
3159803;4.6;5.4
3159902;4.7;4.8
3160009;3.7;5.6
3160108;3.7;5.4
3160207;4.1;4.4
3160306;4.0;4.6
3160405;5.2;5.5
3160454;4.5;4.3
3160504;4.9;4.6
3160603;4.6;5.4
3160702;4.3;5.5
3160801;5.1;4.7
3160900;6.3;6.4
3160959;5.6;5.4
3161007;5.1;5.0
3161056;4.0;4.7
3161106;4.4;4.6
3161205;5.0;5.2
3161304;3.9;5.1
3161403;4.4;6.1
3161502;5.0;5.6
3161601;5.2;4.5
3161650;4.3;4.1
3161700;4.8;5.3
3161809;5.1;5.2
3161908;5.1;4.7
3162005;4.9;4.9
3162104;4.7;5.6
3162203;5.4;6.1
3162252;5.0;4.7
3162302;5.7;4.9
3162401;4.2;4.4
3162450;4.4;5.0
3162500;4.9;5.5
3162559;4.5;4.7
3162575;5.3;5.3
3162609;4.3;5.3
3162658;4.3;4.2
3162708;4.8;4.7
3162807;4.8;4.5
3162906;4.0;5.0
3162922;4.2;4.5
3162948;4.8;5.2
3162955;5.0;5.5
3163003;4.4;4.6
3163102;4.8;4.8
3163201;5.6;5.6
3163300;;4.2
3163409;4.6;4.6
3163508;5.1;4.7
3163607;4.1;4.9
3163706;4.7;5.2
3163805;5.2;5.2
3163904;5.6;5.7
3164001;3.6;4.8
3164100;5.1;5.0
3164209;4.2;4.9
3164308;4.5;5.6
3164407;4.9;5.7
3164431;5.1;5.0
3164472;5.0;4.7
3164506;4.7;4.6
3164605;4.2;6.0
3164704;5.5;5.8
3164803;5.4;4.7
3164902;5.3;5.7
3165008;4.9;5.6
3165107;5.2;5.2
3165206;5.1;4.8
3165305;4.6;5.9
3165404;;6.4
3165503;4.9;4.7
3165537;4.2;5.2
3165552;4.0;4.5
3165560;4.7;5.5
3165578;4.6;5.4
3165602;;6.3
3165701;5.4;5.5
3165800;4.3;6.4
3165909;4.9;5.1
3166006;4.7;5.6
3166105;4.0;5.0
3166204;5.1;5.5
3166303;4.2;4.7
3166402;6.1;6.5
3166501;3.8;4.3
3166600;;5.5
3166709;3.8;5.2
3166808;5.4;5.0
3166907;5.2;5.8
3166956;5.0;5.1
3167004;4.5;5.7
3167103;3.9;4.5
3167202;4.5;5.0
3167301;5.6;5.9
3167400;4.9;5.7
3167509;4.0;5.6
3167608;4.2;5.0
3167707;4.6;4.9
3167806;5.2;5.8
3167905;4.2;5.6
3168002;5.2;5.3
3168051;5.0;5.6
3168101;5.5;5.3
3168200;;5.7
3168309;5.3;4.8
3168408;5.0;5.0
3168507;5.1;5.1
4310413;;5.2
3168606;4.1;4.7
3168705;5.2;5.6
3168804;4.5;5.2
3168903;4.8;5.8
3169000;4.8;5.7
3169059;6.4;6.3
3169109;4.8;4.7
3169208;4.6;5.0
3169307;4.8;5.4
3169356;5.5;5.1
3169406;4.8;5.3
3169505;4.4;4.4
3169604;4.7;5.1
3169703;5.1;4.7
3169802;4.7;5.2
3169901;4.3;5.7
3170008;4.1;4.7
3170057;4.4;5.4
3170107;5.1;5.4
3170206;4.8;5.4
3170305;4.5;4.0
3170404;4.6;5.5
3170438;4.4;3.8
3170479;4.8;5.1
3170503;4.0;5.0
3170529;4.5;5.0
3170578;4.9;5.3
3170602;4.9;5.4
3170651;5.2;4.8
3170701;4.9;5.6
3170750;4.9;5.3
3170800;4.5;5.1
3170909;4.5;4.8
3171006;5.3;5.3
4310579;;6.1
3171030;4.2;4.4
3171071;4.9;4.9
3171105;4.2;4.8
3171154;4.6;4.8
3171204;4.9;5.1
3171303;4.6;5.0
3171402;4.9;5.3
3171501;3.5;4.6
3171600;4.8;4.8
3171709;5.0;5.7
3171808;4.2;4.7
3171907;4.8;4.8
3172004;4.2;5.3
3172103;4.2;5.3
3172202;4.8;6.3
3200102;5.4;5.5
3200136;4.5;5.5
3200169;4.8;5.1
3200201;5.1;5.5
3200300;5.6;6.2
3200359;5.3;5.4
3200409;4.7;4.9
3200508;4.1;5.0
3200607;5.3;5.5
3200706;4.1;5.1
3200805;4.7;5.4
3200904;4.8;5.1
3201001;4.9;4.9
3201100;4.1;4.5
3201159;5.1;5.9
3201209;4.8;5.4
3201308;4.3;5.0
3201407;5.0;6.1
3201506;4.7;5.9
3201605;4.9;5.6
3201704;5.0;5.7
3201803;5.2;5.3
3201902;6.1;5.9
3202009;4.6;4.8
3202108;5.1;5.1
3202207;4.4;5.1
3202256;5.0;6.1
3202306;4.6;5.0
3202405;4.4;5.1
3202454;5.0;5.4
3202504;5.0;5.3
3202553;4.9;5.1
3202603;5.5;5.9
3202652;5.0;4.9
3202702;5.7;6.1
3202801;4.7;4.9
3202900;5.5;5.9
3203007;5.4;4.9
3203056;4.8;5.6
3203106;4.9;5.7
3203130;5.1;5.2
3203163;5.2;5.6
3203205;4.8;5.3
3203304;5.2;5.2
3203320;5.1;5.2
3203346;5.9;5.7
3203353;5.3;6.2
3203403;4.5;5.1
3203502;4.5;5.4
3203601;4.3;4.7
3203700;5.5;5.7
3203809;4.6;5.0
3203908;5.0;5.9
3204005;4.9;5.6
3204054;4.4;4.9
3204104;4.8;5.3
3204203;4.3;5.4
3204252;4.9;5.3
3204302;4.4;4.9
3204351;5.2;5.9
3204401;5.0;5.7
3204500;4.5;5.2
3204559;5.1;5.5
3204609;5.4;5.8
3204658;4.8;5.7
3204708;5.4;5.6
3204807;4.9;5.6
3204906;4.8;5.5
3204955;5.1;5.9
3205002;4.5;5.2
3205010;4.9;4.9
3205036;5.3;5.3
3205069;5.6;5.7
3205101;4.6;4.8
3205150;5.7;6.1
3205176;5.0;5.9
3205200;4.6;5.3
3205309;4.6;5.1
3300100;3.7;5.0
3300159;4.9;5.2
3300209;4.2;5.3
3300225;;5.3
3300233;4.3;5.0
3300258;4.7;4.9
3300308;4.2;5.4
3300407;4.5;5.5
3300456;3.8;4.7
3300506;4.8;5.5
3300605;4.7;5.8
3300704;3.6;5.2
3300803;4.2;5.5
3300902;4.6;6.4
3300936;5.1;5.3
3300951;5.0;5.7
3301009;3.6;4.6
3301108;4.3;5.3
3301157;4.9;5.9
3301207;4.8;5.5
3301306;4.2;5.2
3301405;4.1;5.7
3301504;4.9;5.4
3301603;5.1;5.7
3301702;3.8;4.5
3301801;5.0;5.8
3301850;3.7;5.0
3301876;5.0;5.1
3301900;3.9;5.0
3302007;3.4;4.8
3302056;5.2;5.8
3302106;5.5;6.2
3302205;5.2;5.8
3302254;4.2;4.7
3302270;3.9;4.7
3302304;4.6;5.6
3302403;4.8;5.1
3302452;4.3;5.5
3302502;4.4;4.9
3302601;4.4;5.3
3302700;4.8;5.5
3302809;4.6;5.5
3302858;4.0;4.7
3302908;4.9;5.8
3303005;5.5;5.8
3303104;5.1;6.2
3303203;4.3;4.5
3303302;3.8;5.2
3303401;4.9;5.6
3303500;3.8;4.9
3303609;4.6;5.1
3303708;4.8;5.6
3303807;4.4;5.7
3303856;4.8;5.1
3303906;4.2;5.2
3303955;4.4;4.8
3304003;4.9;5.7
3304102;4.7;5.9
3304110;4.9;5.4
3304128;4.4;5.5
3304144;4.1;4.7
3304151;5.2;5.2
3304201;4.9;5.5
3304300;4.4;5.1
3304409;4.9;5.4
3304508;4.6;5.8
3304524;5.4;5.4
3304557;4.9;5.4
3304607;4.9;6.4
3304706;5.2;5.9
3304755;4.8;4.6
3304805;4.5;6.4
3304904;3.6;4.8
3305000;4.3;5.0
3305109;3.7;4.6
3305133;4.4;4.9
3305158;4.9;5.0
3305208;3.9;5.2
3305307;4.1;5.3
3305406;4.5;5.4
3305505;4.4;5.1
3305554;4.2;5.1
3305604;3.8;5.6
3305703;5.1;5.8
3305752;4.0;4.5
3305802;4.8;5.4
3305901;5.3;6.0
3306008;4.5;5.6
3306107;4.7;5.7
3306156;4.3;5.1
3306206;4.2;5.4
3306305;5.0;5.7
3500105;5.2;6.2
3500204;4.9;5.4
3500303;5.2;5.8
3500402;5.9;6.7
3500501;5.2;5.9
3500550;5.8;6.1
3500600;6.3;6.0
3500709;5.1;5.9
3500758;5.2;5.0
3500808;5.0;6.1
3500907;4.8;5.3
3501004;5.3;6.3
3501103;4.6;5.9
3501152;5.2;5.6
3501202;5.8;5.9
3501301;5.0;5.2
3501400;4.9;5.6
3501509;5.2;5.3
3501608;5.6;6.2
3501707;5.2;6.1
3501806;5.6;6.5
3501905;5.8;6.0
3502002;4.9;5.9
3502101;5.3;5.5
3502200;5.6;6.4
3502309;4.4;5.3
3502408;5.6;6.0
3502507;5.6;5.8
3502606;5.5;6.5
3502705;5.5;6.1
3502754;4.9;5.7
3502804;5.4;5.8
3502903;5.2;5.9
3503000;4.5;6.2
3503109;5.0;5.2
3503158;4.9;4.2
3503208;5.3;6.4
3503307;5.6;6.0
3503356;5.9;5.7
3503406;5.3;6.0
3503505;4.5;5.4
3503604;5.2;5.4
3503703;5.8;6.0
3503802;5.7;5.9
3503901;5.3;5.9
3503950;6.3;6.4
3504008;5.3;6.0
3504107;5.5;5.9
3504206;5.6;6.2
3504305;4.9;5.7
3504404;4.8;5.5
3504503;5.3;5.7
3504602;5.4;6.5
3504701;5.4;6.0
3504800;5.3;6.5
3504909;4.3;5.6
3505005;5.0;5.7
3505104;4.7;5.2
3505203;5.6;5.8
3505302;5.4;6.0
3505351;4.9;5.8
3505401;4.6;4.8
3505500;5.6;5.8
3505609;5.8;5.7
3505708;5.8;5.9
3505807;5.5;5.7
3505906;5.2;6.2
3506003;4.9;5.9
3506102;5.1;5.9
3506201;5.1;5.8
3506300;5.4;6.2
3506359;5.0;5.2
3506409;5.9;7.0
3506508;5.6;6.2
3506607;5.0;5.4
3506706;4.4;5.5
3506805;5.1;5.9
3506904;5.3;5.6
3507001;5.4;5.9
3507100;5.2;6.0
3507159;5.6;5.7
3507209;5.1;6.3
3507308;5.6;5.4
3507407;5.3;6.1
3507456;;5.4
3507506;4.9;5.5
3507605;5.4;5.8
3507704;5.3;5.9
3507753;5.6;5.3
3507803;4.9;5.9
3507902;5.0;5.5
3508009;5.0;5.5
3508108;5.7;5.9
3508207;;5.2
3508306;4.9;5.2
3508405;5.3;5.9
3508504;5.2;5.7
3508603;5.0;5.3
3508702;5.1;6.1
3508801;4.8;5.9
3508900;5.0;5.8
3509007;5.5;5.7
3509106;5.9;5.8
3509205;5.1;5.3
3509254;4.9;5.3
3509304;6.0;5.9
3509403;4.9;5.6
3509452;5.1;5.7
3509502;5.2;5.8
3509601;5.1;6.0
3509700;5.7;5.8
3509809;4.2;5.9
3509908;4.7;6.3
3509957;4.8;4.9
3510005;5.1;5.8
3510104;5.2;6.2
3510153;;4.6
3510203;5.4;5.9
3510302;5.3;5.2
3510401;5.5;6.3
3510500;5.6;5.8
3510609;5.0;5.7
3510708;5.6;6.1
3510807;4.7;5.8
3510906;5.0;5.9
3511003;5.5;5.5
3511102;5.5;5.9
3511201;5.4;6.8
3511300;6.5;6.1
3512001;4.8;5.7
3511409;4.9;6.2
3511508;6.3;6.0
3511607;5.1;5.6
3511706;5.0;5.7
3511904;5.4;5.9
3512100;6.0;5.7
3512209;5.4;5.9
3512308;5.4;4.9
3512407;4.9;6.3
3512506;4.8;5.8
3512605;5.3;5.5
3512704;5.3;5.1
3512803;5.7;6.0
3512902;5.4;6.6
3513009;4.8;5.6
3513108;4.9;5.3
3513207;4.7;5.7
3513306;4.6;5.5
3513405;5.1;5.4
3513504;5.2;5.4
3513603;5.2;5.8
3513702;5.5;5.7
3513801;5.4;5.6
3513850;5.1;6.3
3513900;5.3;5.8
3514007;5.3;5.4
3514106;5.4;6.1
3514205;6.1;7.1
3514304;5.4;6.1
3514403;5.4;6.1
3514502;5.3;6.3
3514601;5.3;6.5
3514700;4.5;6.3
3514809;5.0;5.4
3514908;5.2;5.7
3514924;6.1;6.3
3514957;5.8;6.1
3515004;5.0;5.4
3515103;5.2;5.8
3515129;5.7;4.7
3515152;5.0;5.3
3515186;5.3;6.5
3515194;5.4;5.7
3515202;5.4;6.3
3515301;5.0;5.9
3515350;5.0;6.0
3515400;5.7;6.8
3515509;5.4;6.1
3515608;5.8;6.4
3515657;5.8;5.7
3515707;4.9;5.5
3515806;4.2;5.5
3515905;5.9;6.0
3516002;5.2;5.7
3516101;5.3;6.3
3516200;5.6;6.3
3516309;5.0;5.6
3516408;5.0;5.5
3516507;;6.5
3516606;5.4;5.6
3516705;5.2;5.6
3516804;5.7;6.6
3516853;4.2;6.3
3516903;5.1;6.1
3517000;4.7;5.6
3517109;5.3;5.9
3517208;4.4;5.7
3517307;5.2;5.3
3517406;5.2;5.9
3517505;5.3;5.7
3517604;5.3;6.1
3517703;4.2;4.9
3517802;5.4;5.9
3517901;4.7;5.4
3518503;5.1;5.4
3518008;6.1;5.6
3518107;4.1;5.3
3518206;5.2;6.2
3518305;4.9;5.6
3518404;5.1;5.8
3518602;5.5;5.9
3518701;5.2;5.4
3518800;5.0;5.4
3518859;4.7;5.7
3518909;5.5;6.2
3519006;4.7;5.4
3519055;5.2;4.5
3519071;5.0;5.8
3519105;5.7;5.4
3519204;5.3;6.1
3519253;;5.8
3519303;5.5;5.7
3519402;6.3;6.0
3519501;;5.2
3519600;5.5;6.0
3519709;5.3;6.0
3519808;4.8;5.4
3519907;5.4;5.9
3520004;4.2;6.1
3520103;4.6;5.3
3520202;5.1;6.1
3520301;5.0;5.4
3520400;5.2;5.7
3520426;5.7;5.6
3520442;5.7;6.2
3520509;5.5;6.0
3520608;5.8;5.6
3520707;6.4;5.8
3520806;5.3;6.0
3520905;5.6;5.2
3521002;4.9;5.2
3521101;5.6;5.9
3521150;5.5;5.2
3521200;5.3;6.8
3521309;5.1;5.5
3521408;5.8;6.4
3521507;5.7;5.6
3521606;4.7;6.1
3521705;5.3;5.9
3521804;5.3;5.5
3521903;6.3;5.7
3522000;5.4;6.1
3522109;5.3;5.6
3522158;5.6;5.5
3522208;5.3;5.7
3522307;5.4;5.7
3522406;5.6;6.1
3522505;4.9;5.4
3522604;5.1;5.9
3522653;4.9;5.9
3522703;5.8;6.2
3522802;4.8;5.8
3522901;4.8;4.9
3523008;;6.2
3523107;4.8;5.1
3523206;5.4;5.7
3523305;4.7;5.6
3523404;6.3;6.0
3523503;5.8;5.9
3523602;4.9;5.9
3523701;4.8;5.4
3523800;5.1;5.9
3523909;5.3;5.8
3524006;5.3;6.2
3524105;3.8;5.2
3524204;5.2;5.4
3524303;4.9;5.7
3524402;5.3;5.9
3524501;4.0;5.6
3524600;5.4;5.9
3524709;6.4;6.3
3524808;5.7;6.3
3524907;4.7;5.9
3525003;4.7;5.5
3525102;4.5;5.0
3525201;5.5;5.9
3525300;5.3;5.6
3525409;4.7;4.8
3525508;5.2;6.1
3525607;5.7;5.8
3525706;4.9;6.2
3525805;4.9;5.3
3525854;;6.1
3525904;5.6;5.9
3526001;5.9;6.0
3526100;5.3;5.6
3526209;5.2;5.6
3526308;5.6;5.3
3526407;5.0;5.6
3526506;5.6;6.0
3526605;5.1;6.6
3526704;5.5;6.0
3526803;5.4;6.1
3526902;5.4;7.6
3527009;5.2;5.6
3527108;4.5;5.6
3527207;4.6;5.5
3527256;;6.7
3527306;5.8;5.9
3527405;5.4;5.6
3527504;4.9;6.3
3527603;4.7;5.5
3527702;5.4;6.1
3527801;4.9;5.6
3527900;5.0;6.0
3528007;5.4;6.5
3528106;5.2;6.5
3528205;5.6;6.2
3528304;6.0;6.0
3528403;5.0;6.0
3528502;5.3;5.3
3528601;5.2;5.4
3528700;5.4;5.9
3528809;5.7;5.5
3528858;5.5;5.9
3528908;5.2;5.6
3529005;5.4;6.0
3529104;5.8;6.3
3529203;5.2;5.6
3529302;5.6;6.3
3529401;5.3;5.7
3529500;5.8;6.7
3529609;6.1;6.4
3529658;5.8;6.3
3529708;4.4;5.0
3529807;;5.6
3529906;5.3;5.6
3530003;6.2;6.5
3530102;5.4;5.7
3530201;5.0;5.7
3530300;5.6;6.1
3530409;5.1;5.7
3530508;5.3;5.8
3530607;5.0;5.7
3530706;5.6;5.7
3530805;5.1;5.6
3530904;5.4;5.1
3531001;5.4;5.9
3531100;5.1;5.5
3531209;5.6;5.7
3531308;5.4;5.9
3531407;5.4;5.8
3531506;5.3;5.3
3531605;5.2;6.3
3531704;5.5;5.6
3531803;5.4;5.9
3531902;4.6;5.2
3532009;5.1;5.9
3532058;4.7;6.1
3532108;5.3;5.3
3532157;5.3;5.7
3532207;4.6;6.0
3532306;5.2;5.3
3532405;5.3;5.7
3532504;5.4;5.5
3532603;5.7;6.6
3532702;5.2;5.6
3532801;4.2;6.0
3532827;5.0;5.2
3532843;6.4;6.4
3532868;;5.3
3532900;5.5;5.9
3533007;5.0;5.7
3533106;6.2;5.9
3533205;4.3;5.6
3533254;5.4;5.8
3533304;5.6;6.2
3533403;5.5;6.2
3533502;6.4;5.2
3533601;5.7;6.0
3533700;5.6;6.0
3533809;5.0;5.2
3533908;5.6;6.0
3534005;4.5;6.1
3534104;4.7;6.4
3534203;6.0;6.4
3534302;5.1;5.4
3534401;4.8;5.5
3534500;6.4;5.8
3534609;5.4;6.0
3534708;5.5;5.8
3534757;6.0;6.3
3534807;4.7;5.7
3534906;5.2;5.9
3535002;5.5;5.9
3535101;5.7;5.8
3535200;5.3;6.5
3535309;4.7;5.7
3535408;5.0;5.6
3535507;5.4;6.2
3535606;5.7;5.6
3535705;6.0;5.5
3535804;5.2;5.3
3535903;5.2;6.8
3536000;5.7;6.2
3536109;5.2;5.7
3536208;5.4;5.7
3536257;4.9;6.1
3536307;5.2;6.3
3536406;4.9;6.0
3536505;5.3;6.0
3536570;5.8;5.8
3536604;4.8;6.5
3536703;5.0;5.7
3536802;6.4;6.2
3536901;5.8;5.4
3537008;4.9;6.1
3537107;5.6;6.2
3537156;5.9;6.1
3537206;5.0;5.8
3537305;5.2;5.5
3537404;5.6;6.4
3537503;5.5;5.9
3537602;4.9;5.8
3537701;;5.8
3537800;5.5;6.0
3537909;6.0;5.9
3538006;5.5;5.8
3538105;5.6;5.5
3538204;5.9;5.4
3538303;4.7;6.3
3538501;4.9;5.3
3538600;5.5;6.0
3538709;5.5;5.5
3538808;5.5;5.9
3538907;5.0;5.7
3539004;5.2;6.3
3539103;4.0;5.1
3539202;5.0;6.0
3539301;5.4;5.7
3539400;4.5;5.7
3539509;5.2;6.0
3539608;4.1;5.6
3539707;;5.6
3539806;5.4;5.3
3539905;4.8;6.5
3540002;5.3;6.2
3540101;4.7;4.9
3540200;5.1;6.0
3540259;;6.0
3540309;;5.9
3540408;6.2;6.4
3540507;5.2;6.3
3540606;5.6;5.5
3540705;5.3;5.8
3540754;5.1;5.2
3540804;5.9;4.9
3540853;4.7;5.8
3540903;5.4;5.3
3541000;5.4;5.6
3541059;5.0;5.7
3541109;4.9;5.4
3541208;5.1;6.2
3541307;5.3;5.9
3541406;5.1;5.6
3541505;5.4;6.0
3541604;4.9;5.7
3541653;5.5;6.4
3541703;4.6;5.1
3541802;5.3;6.5
3541901;4.5;5.4
3542008;5.2;5.6
3542107;5.6;5.9
3542206;5.5;5.6
3542305;5.1;4.7
3542404;4.7;6.0
3542503;;5.9
3542602;5.3;5.9
3542701;4.3;5.5
3542800;5.8;6.2
3542909;4.5;4.9
3543006;6.0;5.6
3543105;5.1;5.2
3543204;5.3;6.5
3543238;4.8;5.9
3543253;5.8;5.7
3543303;5.4;5.9
3543402;4.8;5.7
3543501;5.5;6.4
3543600;4.9;5.1
3543709;3.8;5.7
3543808;5.6;5.5
3543907;5.6;6.3
3544004;5.0;5.5
3544103;5.0;5.7
3544202;5.3;6.1
3544251;4.9;5.6
3544301;5.7;5.3
3544400;5.5;6.0
3544509;5.7;6.4
3544608;4.5;5.4
3544707;;4.8
3544806;5.4;6.1
3544905;5.3;5.5
3545001;5.8;6.0
3545100;5.2;5.8
3545159;;6.3
3545209;5.5;6.3
3545308;5.5;5.8
3545407;5.2;5.6
3545506;4.7;6.0
3545605;5.5;5.1
3545704;5.6;6.1
3545803;5.6;6.2
3546009;4.7;5.5
3546108;5.4;6.4
3546207;5.4;5.7
3546256;5.9;5.9
3546306;5.5;5.4
3546405;5.7;6.3
3546504;5.0;5.8
3546603;6.0;6.5
3546702;5.6;6.1
3546801;5.7;5.9
3546900;;5.6
3547007;5.2;5.4
3547106;4.8;5.8
3547205;6.7;6.3
3547304;5.5;5.4
3547403;6.0;6.1
3547502;4.8;5.5
3547601;5.4;5.9
3547650;6.3;6.6
3547700;4.6;5.5
3547809;5.2;5.8
3547908;5.6;5.5
3548005;4.6;5.6
3548054;5.4;5.4
3548104;5.8;6.4
3548203;5.4;5.8
3548302;4.0;5.7
3548401;5.5;5.8
3548500;5.3;5.5
3548609;6.0;5.7
3548708;5.6;5.9
3548807;6.2;6.1
3548906;5.6;6.0
3549003;5.9;6.7
3549102;5.3;6.2
3549201;5.8;6.2
3549250;;6.1
3549300;5.3;5.9
3549409;4.9;5.8
5107578;;4.5
3549508;4.5;5.0
3549607;4.9;5.0
3549706;5.0;6.2
3549805;5.3;6.0
3549904;5.7;6.2
3549953;5.2;5.8
3550001;5.3;5.4
3550100;4.8;5.8
3550209;5.5;5.8
3550308;4.9;5.6
3550407;5.5;5.0
3550506;4.7;5.7
3550605;5.0;5.6
3550704;5.3;5.5
3550803;5.4;5.8
3550902;5.1;5.4
3551009;4.9;5.6
3551108;5.3;5.8
3551207;5.1;5.1
3551306;5.8;6.6
3551405;4.8;4.9
3551504;4.5;5.3
3551603;5.8;5.6
3551702;5.9;6.0
3551801;4.2;5.5
3551900;5.0;5.6
3552007;4.8;5.7
3552106;5.8;5.9
3552205;5.5;6.0
3552304;5.6;4.7
3552403;5.2;6.0
3552502;5.2;5.8
3552551;5.1;6.4
3552601;6.0;6.1
3552700;5.5;6.1
3552809;5.3;5.6
3552908;5.1;5.0
3553005;6.0;6.2
3553104;5.0;5.8
3553203;5.5;6.5
3553302;4.9;5.6
3553401;5.6;6.0
3553500;5.4;5.6
3553609;5.4;5.6
3553658;5.1;5.5
3553708;5.0;6.0
3553807;5.6;5.8
3553856;5.3;6.6
3553906;4.9;5.7
3553955;4.9;5.4
3554003;5.1;5.6
3554102;5.6;5.3
3554201;4.9;5.8
3554300;5.4;5.9
3554409;6.4;6.9
3554508;5.7;5.9
3554607;5.4;5.6
3554656;6.1;5.6
3554706;5.0;5.2
3554755;4.6;4.8
3554805;5.3;4.8
3554904;5.2;5.7
3554953;6.1;5.8
3555000;5.1;5.6
3555109;5.8;5.9
3555208;5.7;6.6
3555307;6.0;6.0
3555356;5.6;5.4
3555406;5.0;5.7
3555505;4.7;6.0
3555604;5.7;6.2
3555703;;5.5
3555802;5.6;6.5
3555901;5.6;6.1
3556008;5.6;6.0
3556107;5.4;5.8
3556206;5.7;6.0
3556305;5.1;5.9
3556354;;5.1
3556404;5.3;5.7
3556453;5.3;5.8
3556503;5.4;5.7
3556602;5.6;6.4
3556701;5.6;5.6
3556800;4.8;5.7
3556909;5.6;6.5
3556958;5.0;6.0
3557006;5.4;5.9
3557105;5.7;6.0
3557154;5.3;5.3
3557204;4.9;5.8
3557303;4.9;6.1
4100103;5.2;5.1
4100202;;5.3
4100301;;5.8
4100400;4.7;4.7
4100459;4.7;4.7
4100509;5.5;5.7
4100608;5.0;5.0
4100707;5.4;5.5
4100806;5.0;5.6
4100905;4.5;5.4
4101002;5.7;5.8
4101051;4.8;5.7
4101101;5.4;4.8
4101150;5.8;5.1
4101200;4.3;5.3
4101309;5.1;5.4
4101408;5.0;5.5
4101507;5.2;5.6
4101606;5.4;5.2
4101655;;5.2
4101705;5.4;5.0
4101804;5.1;5.5
4101853;5.7;5.0
4101903;5.4;5.8
4102000;5.1;5.8
4102109;5.4;5.9
4102208;5.6;6.0
4102307;5.0;5.2
4102406;4.7;5.3
4102505;5.2;5.2
4102604;5.1;5.7
4102703;5.5;5.9
4102752;5.4;4.7
4102802;4.1;4.8
4102901;4.5;5.2
4103008;5.3;5.0
4103024;5.2;5.1
4103040;5.3;5.2
4103057;4.8;5.3
4103107;5.1;5.0
4103156;5.4;5.6
4103206;4.3;5.0
4103222;5.3;6.1
4103305;5.6;5.8
4103354;5.0;5.6
4103370;4.7;4.4
4103404;4.8;4.4
4103453;5.1;5.6
4103479;5.1;5.3
4103503;4.7;5.6
4103602;4.8;4.6
4103701;5.4;5.3
4103800;5.2;5.7
4103909;4.9;5.1
4103958;5.5;5.3
4104006;4.9;5.4
4104055;;5.8
4104105;5.0;5.0
4104204;5.4;5.9
4104253;5.1;5.1
4104303;5.0;5.3
4104402;5.4;4.7
4104428;5.1;4.6
4104451;5.0;5.3
4104501;5.8;6.1
4104600;5.3;5.9
4104659;4.8;5.5
4104709;5.4;5.5
4104808;5.0;5.7
4104907;5.4;5.5
4105003;4.8;5.8
4105102;4.8;4.7
4105201;4.1;4.7
4105300;5.6;5.4
4105409;5.0;5.9
4105508;5.3;5.2
4105607;5.1;5.1
4105706;4.8;5.5
4105805;4.8;4.9
4105904;4.6;5.5
4106001;4.7;5.3
4106100;5.0;5.3
4106209;4.8;5.6
4106308;5.1;5.6
4106407;5.1;5.3
4106456;4.2;4.2
4106506;5.1;5.5
4106555;4.5;4.9
4106571;5.4;5.9
4106605;5.2;5.4
4106704;4.7;5.3
4106803;5.1;5.4
4106852;5.6;5.2
4106902;5.0;5.4
4107009;4.6;5.0
4107108;5.1;5.7
4107124;4.7;4.5
4107157;5.4;5.1
4107207;5.6;5.8
4107256;5.7;5.4
4107306;5.8;6.0
4107405;5.6;6.1
4107504;5.4;5.7
4107520;5.4;5.8
4107538;6.0;5.3
4107546;5.8;5.7
4107553;5.3;5.5
4107603;4.8;5.0
4107652;4.9;5.2
4107702;4.9;5.5
4107736;5.3;5.4
4107751;4.7;5.4
4107801;5.8;5.9
4107850;5.5;5.6
4107900;5.3;5.5
4108007;;5.3
4108106;5.4;5.4
4108205;5.6;5.4
4108304;5.0;5.0
4108320;5.4;5.4
4108403;5.1;5.7
4108452;5.1;5.0
4108502;4.7;5.1
4108551;4.9;4.9
4108601;4.8;4.9
4108650;4.9;5.0
4108700;4.9;4.7
4108809;5.3;5.2
4108908;4.8;5.6
4108957;5.5;5.3
4109005;5.3;5.6
4109104;4.6;5.2
4109203;4.9;4.8
4109302;5.3;5.3
4109401;5.0;5.2
4109500;4.7;4.7
4109609;4.8;5.3
4109658;5.1;5.5
4109708;5.4;5.0
4109757;;5.8
4109807;5.1;4.9
4109906;4.9;5.2
4110003;5.4;4.9
4110052;6.1;4.6
4110078;4.6;4.9
4110102;5.3;5.3
4110201;4.8;4.9
4110300;5.2;4.9
4110409;5.0;4.4
4110508;5.1;5.1
4110607;5.2;5.5
4110656;5.1;5.4
4110706;5.5;5.8
4110805;5.1;5.0
4110904;4.7;5.0
4110953;5.4;5.1
4111001;4.2;5.0
4111100;5.2;5.8
4111209;5.6;6.3
4111258;4.2;4.6
4111308;4.7;4.9
4111407;5.9;5.4
4111506;5.1;5.3
4111555;5.3;4.9
4111605;5.9;6.4
4111704;6.0;5.8
4111803;4.6;5.0
4111902;5.1;4.9
4112009;5.0;5.4
4112108;5.3;5.7
4112207;4.7;4.8
4112306;5.1;5.2
4112405;5.8;5.8
4112504;5.0;5.2
4112603;5.6;5.1
4112702;4.0;4.8
4112751;5.3;5.8
4112801;5.9;5.3
4112900;5.0;4.6
4112959;4.9;5.5
4113007;5.1;5.6
4113106;5.7;5.4
4113205;5.0;5.7
4113254;4.4;4.7
4113304;5.1;5.4
4113403;5.1;4.7
4113429;4.9;5.3
4113452;5.0;5.6
4113502;5.0;4.8
4113601;5.3;6.3
4113700;5.3;5.3
4113734;4.7;4.7
4113759;4.9;5.2
4113809;4.7;4.5
4113908;5.8;5.8
4114005;4.7;5.4
4114104;5.4;5.1
4114203;5.4;5.5
4114302;4.8;4.9
4114351;5.2;5.6
4114401;5.5;5.5
4114500;5.6;4.9
4114609;5.2;5.8
4114708;5.9;5.7
4114807;5.2;5.3
4114906;4.7;5.6
4115002;5.4;5.3
4115101;4.8;4.8
4115200;5.2;5.7
4115309;5.1;5.7
4115358;6.3;6.0
4115408;5.6;5.8
4115457;4.8;4.8
4115507;5.5;5.0
4115606;4.8;5.1
4115705;4.8;4.8
4115739;5.2;5.1
4115754;4.8;5.0
4115804;5.1;5.5
4115853;5.7;6.4
4115903;4.9;5.4
4116000;4.6;5.1
4116059;5.7;5.5
4116109;4.6;5.1
4116208;4.6;5.4
4116307;5.0;5.2
4116406;4.3;5.7
4116505;5.9;5.5
4116604;4.9;5.5
4116703;5.3;5.2
4116802;5.5;5.2
4116901;5.3;5.8
4116950;5.6;5.7
4117008;4.9;5.2
4117057;5.3;5.4
4117107;5.5;5.0
4117206;5.5;5.6
4117214;4.5;5.0
4117222;5.6;6.1
4117255;5.2;5.7
4117271;4.8;5.0
4117297;6.1;5.8
4117305;4.8;4.9
4117404;5.1;6.1
4117453;4.9;5.6
4117503;5.3;5.4
4117602;4.0;4.8
4117701;5.3;5.7
4117800;5.0;4.8
4117909;5.5;6.0
4118006;4.7;5.2
4118105;4.1;5.4
4118204;4.5;5.1
4118303;5.5;4.9
4118402;4.9;5.3
4118451;5.5;6.3
4118501;5.1;5.6
4118600;4.6;5.6
4118709;5.4;5.9
4118808;5.1;5.0
4118857;5.6;5.5
4118907;5.5;5.7
4119004;5.6;5.4
4119103;5.3;5.7
4119152;4.8;5.1
4119202;5.3;5.7
4119251;4.8;5.1
4119301;5.0;4.7
4119400;5.0;5.1
4119509;4.4;4.8
4119608;4.9;5.3
4119657;3.9;6.1
4119707;4.8;5.2
4119806;6.0;5.8
4119905;4.8;5.4
4119954;4.9;5.3
4120002;5.0;5.0
4120101;4.7;4.9
4120150;4.8;5.5
4120200;4.1;4.4
4120309;5.2;5.7
4120333;4.2;4.4
4120358;;6.0
4120408;4.9;5.9
4120507;4.3;5.0
4120606;5.4;5.7
4120655;4.6;5.2
4120705;5.3;5.5
4120804;5.3;5.2
4120853;6.0;6.1
4120903;5.4;5.5
4121000;5.0;5.0
4121109;5.3;5.0
4121208;5.2;5.7
4121257;;4.8
4121307;4.4;5.2
4121356;4.7;4.7
4121406;5.6;5.9
4121505;5.2;5.5
4121604;5.3;5.1
4121703;4.9;5.3
4121752;4.9;4.9
4121802;5.6;5.1
4121901;4.9;4.7
4122008;5.3;5.5
4122107;5.5;5.8
4122156;4.8;5.6
4122172;5.4;4.2
4122206;4.8;5.1
4122305;5.4;5.5
4122404;5.3;5.6
4122503;5.1;4.7
4122602;5.0;4.9
4122651;5.5;5.2
4122701;5.4;6.4
4122800;5.1;5.3
4122909;4.7;5.0
4123006;5.6;5.7
4123105;5.0;4.9
4123204;4.8;5.6
4123303;5.2;5.4
4123402;5.1;5.7
4123501;5.4;5.4
4123600;4.9;4.7
4123709;5.0;5.1
4123808;5.7;6.1
4123824;5.1;5.0
4123857;4.7;5.2
4123907;4.5;4.7
4123956;4.4;4.7
4124004;5.1;5.0
4124020;4.7;5.5
4124053;5.2;5.5
4124103;5.7;5.4
4124202;4.9;4.8
4124301;5.2;5.5
4124400;5.1;5.9
4124509;;5.1
4124608;4.6;5.2
4124707;4.7;4.3
4124806;5.5;6.3
4124905;5.2;5.0
4125001;5.0;5.3
4125100;5.2;5.5
4125209;5.6;5.7
4125308;5.3;6.1
4125357;5.1;5.5
4125407;6.3;5.7
4125456;5.7;5.8
4125506;4.9;5.2
4125555;5.9;5.2
4125605;5.6;5.3
4125704;5.1;5.4
4125753;5.1;5.5
4125803;4.4;5.1
4125902;4.6;5.5
4126009;5.3;5.0
4126108;5.7;5.5
4126207;;4.6
4126256;4.8;5.0
4126272;5.4;5.3
4126306;5.2;5.4
4126355;5.9;6.0
4126405;5.3;4.9
4126504;5.6;5.7
4126603;5.3;5.5
4126652;5.5;5.8
4126678;5.1;4.7
4126702;5.4;5.3
4126801;5.7;5.3
4126900;5.0;5.2
4127007;5.7;5.5
4127106;5.2;4.7
4127205;5.3;5.9
4127304;5.1;5.5
4127403;5.2;5.3
4127502;4.7;4.6
4127601;4.6;5.0
4127700;5.5;5.4
4127809;5.5;5.6
4127858;4.8;5.3
4127882;4.2;4.7
4127908;4.9;5.4
4127957;5.3;5.7
4127965;5.2;5.3
4128005;5.7;5.0
4128104;5.5;5.1
4128203;5.2;5.5
4128302;4.4;4.5
4128401;4.6;5.5
4128500;5.2;5.2
4128534;5.1;4.7
4128559;5.6;5.6
4128609;6.1;6.1
4128625;5.0;5.1
4128633;4.7;4.1
4128658;6.3;5.6
4128708;5.0;5.9
4128807;5.1;5.4
4200051;4.8;5.7
4200101;4.5;5.7
4200200;4.8;5.8
4200309;4.4;5.5
4200408;4.2;5.5
4200507;;5.8
4200556;4.7;6.0
4200606;5.0;6.4
4200705;4.8;5.4
4200754;5.6;5.7
4200804;5.6;6.1
4200903;5.0;5.7
4201000;;5.5
4201109;4.8;4.9
4201208;;6.3
4201257;5.3;5.7
4201273;5.3;5.8
4201307;4.1;5.6
4201406;4.9;5.7
4201505;4.8;6.1
4201604;5.7;5.9
4201653;;5.8
4201703;4.1;5.4
4201802;5.1;5.7
4201901;5.0;6.0
4201950;4.2;5.2
4202008;5.1;5.6
4202057;;5.3
4202073;4.5;5.6
4202081;;4.9
4202099;4.7;5.6
4202107;4.3;5.6
4202156;4.0;5.5
4202206;4.9;5.4
4202305;4.1;5.5
4202404;4.9;5.4
4202438;;5.4
4202453;5.2;5.8
4202503;4.0;5.3
4202537;5.0;5.0
4202578;4.9;5.8
4202602;3.7;6.0
4202701;5.4;5.1
4202800;4.4;5.4
4202859;4.3;5.9
4202875;;5.2
4202909;4.9;5.8
4203006;4.1;5.2
4203105;5.1;5.3
4203154;;5.3
4203204;4.1;5.2
4203253;5.3;4.5
4203303;5.0;5.9
4203402;3.9;5.6
4203501;4.3;5.6
4203600;4.2;5.6
4203709;4.2;5.9
4203808;5.4;5.8
4203907;5.4;5.7
4203956;4.6;5.5
4204004;4.1;5.6
4204103;4.5;5.6
4204152;5.4;6.2
4204178;3.6;5.1
4204194;5.2;5.6
4204202;4.9;5.6
4204251;5.5;5.7
4204301;5.5;6.1
4204350;4.8;5.4
4204400;5.1;5.8
4204459;5.2;5.6
4204509;5.7;6.0
4204558;4.2;5.1
4204608;4.9;5.4
4204707;4.6;6.0
4204756;5.9;6.3
4204806;4.5;5.7
4204905;4.8;5.5
4205001;4.3;5.5
4205100;5.4;6.5
4205159;5.0;5.2
4205175;3.8;5.5
4205191;5.1;5.7
4205209;;5.5
4205308;5.0;6.1
4205357;4.8;5.5
4205407;4.5;5.4
4205431;3.9;5.7
4205456;4.4;5.0
4205506;5.7;5.6
4205555;;5.9
4205605;4.7;5.8
4205704;4.9;5.5
4205803;4.5;5.9
4205902;4.8;5.8
4206009;5.5;5.4
4206108;4.6;5.6
4206207;4.9;6.1
4206306;5.5;5.8
4206405;5.4;6.6
4206504;4.6;5.9
4206603;5.0;5.7
4206652;4.4;5.0
4206702;4.2;6.0
4206751;4.2;5.9
4206801;4.7;5.5
4206900;4.9;5.4
4207007;5.1;5.9
4207106;4.4;5.7
4207205;5.0;5.3
4207304;4.7;5.7
4207403;4.9;5.7
4207502;5.4;5.9
4207577;6.2;6.1
4207601;5.7;5.4
4207650;6.0;6.0
4207684;5.0;6.1
4207700;5.2;6.0
4207759;5.0;6.4
4207809;5.0;6.1
4207858;3.0;5.8
4207908;4.5;5.5
4208005;5.0;5.9
4208104;5.0;5.5
4208203;5.2;5.6
4208302;5.6;6.0
4208401;5.7;6.2
4208450;5.5;5.6
4208500;4.9;5.8
4208609;4.8;5.9
4208708;5.1;5.5
4208807;4.6;5.5
4208906;5.7;6.3
4208955;;5.3
4209003;5.2;5.7
4209102;5.8;6.0
4209151;4.8;5.0
4209177;5.2;4.8
4209201;5.2;6.7
4209300;4.3;5.3
4209409;4.2;5.8
4209458;5.1;5.9
4209508;4.1;6.0
4209607;4.5;5.6
4209706;3.9;5.7
4209805;4.8;6.0
4209854;5.0;5.9
4209904;3.7;5.2
4210001;5.0;5.8
4210035;5.9;6.1
4210050;4.9;5.4
4210100;4.7;6.0
4210209;4.9;5.5
4210308;5.0;5.5
4210407;5.0;5.8
4210506;4.8;6.1
4210555;4.8;5.7
4210605;5.5;6.2
4210704;3.6;5.7
4210803;5.2;5.4
4210852;;5.5
4210902;4.3;5.8
4211009;5.1;5.7
4211058;4.8;5.2
4211108;4.0;5.6
4211207;4.4;5.5
4211256;5.1;5.6
4211306;4.8;5.7
4211405;4.2;6.1
4211454;4.9;5.4
4211504;5.5;6.2
4211603;5.1;5.8
4211652;5.0;5.2
4211702;4.7;5.9
4211751;5.0;5.9
4211801;4.6;5.7
4211850;;6.1
4211876;4.9;6.1
4211892;;4.7
4211900;4.3;5.2
4212007;4.6;5.9
4212056;4.1;5.7
4212106;4.6;5.8
4212205;4.7;5.7
4212239;4.4;5.6
4212254;3.5;5.6
4212270;4.2;5.1
4212304;4.6;5.0
4212403;4.7;5.5
4212502;4.6;5.9
4212601;5.8;5.4
4212700;5.1;5.4
4212809;5.3;5.7
4212908;4.7;6.0
4213005;5.4;6.0
4213104;5.7;5.5
4213153;4.9;5.6
4213203;5.8;6.1
4213302;4.3;5.2
4213351;4.0;4.8
4213401;3.9;5.7
4213500;4.8;4.4
4213609;4.5;5.7
4213708;4.5;5.8
4213807;5.0;5.5
4213906;5.8;6.1
4214003;4.5;5.6
4214102;4.8;5.2
4214151;4.6;4.9
4214201;4.6;5.4
4214300;;5.5
4214409;5.2;5.3
4214508;4.8;6.0
4214607;4.9;5.8
4214706;4.7;5.5
4214805;4.4;6.0
4214904;5.1;5.9
4215000;5.1;5.7
4215059;4.2;5.4
4215075;5.0;6.0
4215109;5.3;6.0
4215208;5.0;5.4
4215307;5.7;5.9
4215356;;5.4
4215406;5.8;5.8
4215455;4.0;5.0
4215505;4.4;5.6
4215554;5.2;6.8
4215604;5.1;6.1
4215653;4.7;5.6
4215679;;5.5
4215687;4.7;5.5
4215695;4.3;5.8
4215703;4.7;6.0
4215752;;5.2
4215802;5.4;6.0
4215901;5.3;6.3
4216008;4.8;5.9
4216057;4.3;5.7
4216107;4.3;5.7
4216206;4.2;5.3
4216255;6.3;6.0
4216305;4.9;5.8
4216354;3.9;5.6
4216404;4.4;5.5
4216503;4.3;5.4
4216602;5.1;5.6
4216701;5.2;5.9
4216800;;5.5
4216909;5.2;6.0
4217006;4.9;5.2
4217105;5.1;5.7
4217154;4.5;6.2
4217204;4.9;6.0
4217253;5.8;6.0
4217303;5.1;6.2
4217402;5.6;6.1
4217501;5.2;6.2
4217550;5.0;5.5
4217600;4.6;5.4
4217709;4.7;5.6
4217758;5.4;5.8
4217808;5.1;5.7
4217907;5.2;6.2
4217956;4.4;5.3
4218004;4.5;5.4
4218103;4.2;5.6
4218202;5.8;6.0
4218251;4.6;5.1
4218301;4.0;5.1
4218350;5.1;5.9
4218400;4.7;5.5
4218509;5.4;6.1
4218608;4.9;5.3
4218707;4.6;5.7
4218756;5.5;6.0
4218806;4.9;5.9
4218855;4.9;4.7
4218905;3.0;5.1
4218954;;5.6
4219002;5.3;6.0
4219101;4.5;5.6
4219150;;5.5
4219176;3.8;5.9
4219200;4.9;5.6
4219309;5.1;5.9
4219358;4.8;5.5
4219408;5.1;5.5
4219507;4.8;5.9
4219606;5.3;6.2
4219705;5.3;5.6
4219853;5.6;6.2
4220000;4.4;3.9
4300034;5.1;5.2
4300059;5.5;5.9
4300109;5.2;5.2
4300208;5.3;6.2
4300307;5.1;5.8
4300406;4.6;5.2
4300455;4.6;5.9
4300471;4.2;5.3
4300505;5.4;5.4
4300554;5.6;6.3
4300570;4.5;5.4
4300604;3.9;4.7
4300638;4.2;4.9
4300646;4.7;4.8
4300661;;4.3
4300703;4.7;6.1
4300802;4.8;6.3
4300851;4.4;5.3
4300877;5.0;5.1
4300901;5.4;6.5
4301008;5.1;6.0
4301057;4.5;5.7
4301073;4.6;5.5
4301107;4.1;4.6
4301206;5.2;5.8
4301305;4.2;5.3
4301404;4.6;5.7
4301503;;5.4
4301552;5.5;5.6
4301602;4.5;5.1
4301636;3.3;3.8
4301651;5.2;5.6
4301701;5.1;5.5
4301750;;4.6
4301800;4.6;5.2
4301859;4.8;5.4
4301875;4.4;4.8
4301909;4.1;5.0
4301925;;6.0
4301958;6.0;6.1
4302006;4.0;5.7
4302055;;5.1
4302105;4.9;5.6
4302154;4.8;5.1
4302204;5.2;6.4
4302220;;4.8
4302238;4.5;4.8
4302253;5.6;6.1
4302303;4.9;5.0
4302352;5.3;6.1
4302378;5.2;6.0
4302402;5.2;5.8
4302451;4.6;6.0
4302501;4.3;5.0
4302584;5.6;5.5
4302600;4.1;5.4
4305835;;5.8
4302659;4.9;5.4
4302709;3.3;5.1
4302808;4.1;4.9
4302907;4.1;4.8
4303004;4.2;5.5
4303103;4.2;5.0
4303202;4.9;5.5
4303301;4.5;5.7
4303400;5.3;5.8
4303509;4.7;5.7
4303558;;5.6
4303608;4.6;5.2
4303673;;5.6
4303707;5.5;6.4
4303806;6.1;5.5
4303905;5.9;5.5
4304002;4.4;4.8
4304101;4.5;5.5
4304200;4.3;5.3
4304309;5.4;5.9
4304358;4.5;5.0
4304408;4.6;5.8
4304507;5.2;6.1
4304606;4.2;5.0
4304614;5.5;6.1
4304622;4.7;4.5
4304630;4.2;5.4
4304655;4.0;4.6
4304663;3.7;4.8
4304671;5.0;5.3
4304689;4.1;5.0
4304697;5.4;6.5
4304705;4.5;5.8
4304713;;5.4
4304804;5.5;6.2
4304903;5.4;6.7
4304952;4.6;5.3
4305009;5.6;6.1
4305108;4.7;5.8
4305116;5.5;5.8
4305124;4.5;4.8
4305132;5.1;5.3
4305157;5.2;5.3
4305173;4.9;4.8
4305207;5.2;5.8
4305306;5.3;5.9
4305355;4.6;5.2
4305371;4.7;5.7
4305405;4.7;5.5
4305439;;5.3
4305447;4.1;5.4
4305454;3.8;4.9
4305504;4.1;5.8
4305587;5.5;6.2
4305603;5.9;6.3
4305702;4.8;6.2
4305801;4.7;6.3
4305871;5.5;6.1
4305900;4.1;5.5
4305934;5.4;5.5
4305959;4.8;6.2
4305975;4.6;5.0
4306007;5.5;5.8
4306056;4.0;5.4
4306072;;6.1
4306106;4.4;5.0
4306130;6.0;5.9
4306205;4.4;5.9
4306304;5.5;5.9
4306320;;5.8
4306353;5.1;5.1
4306379;;3.6
4306403;5.0;5.9
4306429;;5.1
4306452;6.1;6.5
4306502;4.2;5.1
4306551;;5.2
4306601;4.2;4.8
4306700;5.5;5.8
4306734;4.4;5.9
4306759;;5.7
4306767;4.1;5.0
4306809;5.4;6.0
4306908;3.9;5.0
4306924;;5.4
4306932;;5.1
4306957;;6.0
4306973;4.0;5.4
4307005;5.0;5.8
4307054;5.0;5.5
4307104;4.5;4.9
4307203;4.5;5.1
4307302;5.7;5.7
4307401;3.8;4.5
4307450;4.8;4.9
4307500;4.9;5.6
4307559;5.1;5.2
4307609;5.3;5.7
4307708;4.5;5.2
4307807;4.7;5.5
4307815;4.5;5.3
4307831;5.1;4.9
4307864;5.3;6.1
4307906;6.1;6.0
4308003;;5.5
4308052;;4.7
4308078;4.9;5.0
4308102;5.4;5.4
4308201;5.5;6.4
4308250;;6.4
4308300;5.0;5.7
4308409;3.5;5.2
4308433;5.3;5.7
4308458;5.0;6.1
4308508;5.4;6.1
4308607;5.1;5.6
4308656;;5.6
4308706;5.6;5.8
4308805;3.7;5.5
4308854;5.5;
4308904;5.3;5.7
4309001;4.6;5.9
4309050;4.9;5.5
4309100;4.8;6.0
4309126;5.5;5.9
4309159;;5.6
4309209;4.4;5.0
4309258;;6.2
4309308;4.6;5.4
4309407;5.3;5.5
4309506;5.1;5.9
4309555;4.8;5.8
4309571;;4.9
4309605;5.4;6.1
4309654;4.4;4.8
4309704;5.1;6.0
4309753;4.2;5.6
4309803;5.2;6.1
4309902;4.9;6.0
4309951;4.6;5.5
4310009;4.8;6.0
4310108;5.4;5.8
4310207;5.4;5.9
4310306;5.2;5.8
4310330;4.4;5.1
4310363;;7.2
4310405;4.3;5.9
4310439;5.4;6.0
4310462;5.5;5.7
4310504;5.3;5.6
4310538;;5.1
4310553;;4.5
4310603;4.3;5.4
4310652;4.7;5.3
4310702;5.6;5.8
4310751;;5.3
4310801;5.9;6.2
4310850;4.9;5.8
4310876;4.0;4.9
4310900;5.6;6.1
4311007;3.9;4.8
4311106;4.9;5.2
4311122;4.1;5.3
4311130;;5.7
4311155;4.9;6.5
4311205;4.7;5.2
4311239;4.8;5.2
4311254;;5.4
4311270;5.3;6.4
4311304;4.6;5.1
4311403;5.2;6.2
4311429;;4.0
4311502;4.3;5.2
4311601;4.6;5.5
4311627;5.4;5.7
4311643;4.8;5.9
4311700;;5.7
4311718;3.9;4.9
4311734;4.6;5.8
4311759;3.7;5.0
4311775;5.0;5.7
4311791;;5.6
4311809;5.0;6.0
4311908;;5.6
4311981;4.6;5.4
4312005;4.4;4.9
4312054;6.2;6.0
4312104;4.4;4.9
4312138;3.8;5.5
4312153;5.7;5.9
4312179;5.8;5.6
4312203;4.5;4.9
4312252;3.8;5.3
4312302;4.6;4.6
4312351;5.8;5.8
4312377;4.0;5.0
4312385;5.8;6.4
4312401;4.4;5.3
4312427;;5.5
4312443;6.1;5.8
4312450;4.4;5.3
4312476;5.5;5.9
4312500;4.1;4.9
4312609;;5.7
4312617;4.5;5.6
4312625;4.3;5.7
4312658;4.9;6.0
4312674;4.7;4.5
4312708;5.3;5.0
4312757;5.5;5.5
4312807;5.5;6.0
4312906;5.2;5.6
4312955;5.5;5.9
4313003;5.3;6.2
4313011;5.5;6.0
4313037;4.2;5.5
4313060;5.1;5.3
4313086;5.0;6.2
4313102;4.9;5.7
4313201;5.9;5.8
4313300;5.0;5.6
4313334;;6.3
4313359;5.5;6.5
4313375;4.3;5.3
4313391;;5.3
4313409;4.5;5.3
4313425;5.1;5.4
4313441;;5.3
4313466;5.1;6.2
4313490;;5.2
4313508;4.7;5.4
4313607;;5.4
4313656;4.8;5.6
4313706;4.5;5.4
4313805;5.6;5.9
4313904;5.3;5.8
4313953;4.1;5.0
4314001;5.5;6.1
4314027;4.9;5.4
4314035;4.8;6.0
4314050;5.1;5.5
4314068;5.3;5.8
4314076;5.0;5.7
4314100;4.3;5.4
4314134;5.3;5.7
4314159;4.1;5.3
4314175;;5.3
4314209;3.1;4.5
4314308;4.7;6.1
4314407;4.4;5.0
4314423;6.3;6.2
4314456;5.3;5.6
4314464;5.1;4.9
4314472;4.3;6.0
4314498;5.3;5.8
4314506;4.7;5.1
4314548;5.0;5.3
4314555;4.7;5.8
4314605;4.6;5.4
4314704;4.9;5.4
4314753;4.9;6.1
4314779;5.6;5.2
4314787;;6.2
4314803;4.5;5.2
4314902;4.0;5.0
4315008;;5.6
4315057;;4.9
4315073;5.1;5.3
4315107;5.3;6.2
4315131;5.8;4.3
4315149;5.2;5.9
4315156;5.1;5.7
4315172;5.1;6.0
4315206;4.6;5.5
4315305;4.6;5.0
4315313;;5.6
4315321;4.4;5.6
4315354;5.0;5.6
4315404;4.0;5.3
4315453;;5.9
4315503;4.6;5.2
4315552;5.4;5.3
4315602;4.2;4.8
4315701;4.4;5.2
4315750;5.2;5.4
4315800;4.4;5.5
4315909;4.9;5.8
4315958;5.1;5.7
4316006;4.7;5.4
4316105;4.7;5.8
4316204;5.6;6.4
4316303;;6.1
4316402;3.9;4.9
4316428;;5.1
4316436;5.5;5.7
4316451;3.9;5.6
4316477;5.1;6.4
4316501;5.5;5.4
4316600;5.2;5.5
4316709;4.2;5.4
4316733;;6.2
4316758;4.8;5.9
4316808;4.9;5.5
4316907;4.5;5.4
4316956;5.3;5.7
4316972;3.3;4.3
4317004;3.4;4.7
4317103;4.2;4.8
4317202;4.8;6.0
4317251;6.1;5.6
4317301;3.8;4.6
4317400;4.9;5.2
4317509;4.5;5.5
4317558;5.5;6.3
4317608;5.1;5.6
4317707;4.1;5.2
4317756;4.1;5.3
4317806;4.9;5.9
4317905;5.6;6.2
4317954;5.6;5.5
4318002;3.9;5.0
4318051;5.2;6.8
4318101;4.1;5.2
4318200;4.2;5.8
4318309;3.7;4.7
4318408;4.1;5.3
4318424;5.2;4.5
4318432;;4.7
4318440;;6.3
4318457;4.7;5.2
4318465;;5.3
4318481;5.5;5.4
4318499;;6.0
4318507;4.1;4.5
4318606;;6.1
4318614;4.7;5.9
4318622;;5.1
4318705;4.2;5.1
4318804;4.8;5.5
4318903;4.6;5.7
4319000;5.3;6.0
4319109;5.2;5.8
4319125;;4.8
4319158;4.5;5.2
4319208;4.5;5.3
4319307;5.2;6.2
4319356;4.3;5.7
4319364;;5.9
4319372;5.2;5.9
4319406;4.9;5.2
4319505;4.2;5.7
4319604;4.4;5.4
4319703;4.9;5.5
4319711;6.1;6.0
4319737;3.6;
4319752;5.6;6.4
4319802;4.7;4.9
4319901;5.2;6.1
4320008;4.9;5.3
4320107;5.0;5.6
4320206;5.1;5.6
4320230;5.4;6.2
4320263;4.4;5.2
4320305;5.5;6.5
4320321;;5.9
4320354;;5.3
4320404;5.7;5.8
4320453;4.6;5.4
4320503;4.9;6.0
4320552;4.8;5.9
4320578;4.8;5.6
4320602;6.4;6.3
4320651;5.7;5.7
4320677;4.4;6.1
4320701;5.0;5.8
4320800;4.4;5.5
4320859;4.5;5.7
4320909;5.0;5.9
4321006;5.2;5.4
4321105;3.9;5.0
4321204;4.2;5.1
4321303;4.5;5.4
4321329;5.8;5.3
4321352;4.1;4.9
4321402;4.4;5.4
4321436;4.6;5.0
4321451;5.5;5.7
4321469;4.8;5.5
4321477;5.7;5.1
4321493;4.4;5.9
4321501;4.7;5.9
4321600;4.7;5.1
4321626;6.2;5.7
4321634;6.3;6.0
4321667;5.0;5.7
4321709;5.6;5.2
4321808;4.3;5.6
4321832;4.5;5.8
4321857;5.7;5.2
4321907;5.1;6.0
4321956;5.2;5.8
4322004;4.5;5.5
4322103;4.7;5.6
4322152;5.3;5.4
4322186;5.2;5.6
4322202;4.5;5.2
4322251;5.1;5.9
4322301;5.2;5.6
4322327;5.3;4.9
4322343;4.4;5.3
4322350;5.6;5.4
4322376;;5.1
4322400;4.3;5.1
4322509;4.6;5.5
4322525;5.3;5.4
4322533;4.4;5.1
4322541;4.6;5.3
4322558;5.6;5.6
4322608;5.1;5.5
4322707;4.6;5.8
4322806;5.0;5.8
4322855;5.8;5.5
4322905;5.7;5.8
4323002;4.3;4.9
4323101;3.5;5.1
4323200;5.2;6.6
4323309;5.8;6.0
4323358;5.0;6.2
4323408;4.5;6.1
4323457;;5.1
4323507;5.0;5.3
4323606;4.6;6.2
4323705;5.4;5.9
4323754;4.5;5.6
4323770;5.8;6.6
4323804;4.4;5.2
5000203;5.0;5.3
5000252;4.2;4.9
5000609;5.2;5.0
5000708;4.3;4.7
5000807;3.9;4.7
5000856;4.9;5.0
5000906;4.8;5.0
5001003;5.1;5.0
5001102;4.2;5.1
5001243;4.0;5.1
5001508;4.1;5.5
5001904;5.2;5.1
5002001;5.5;5.1
5002100;4.7;4.8
5002159;5.1;5.1
5002209;4.6;4.8
5002308;4.7;4.8
5002407;5.0;5.1
5002605;3.8;4.9
5002704;4.9;5.2
5002803;4.8;5.3
5002902;4.3;4.6
5002951;4.8;5.3
5003108;4.1;5.3
5003157;4.1;4.8
5003207;4.3;4.7
5003256;5.3;5.3
5003306;4.6;4.7
5003454;4.4;5.3
5003488;4.2;4.6
5003504;;4.5
5003702;4.6;5.1
5003751;4.4;4.9
5003801;4.8;4.8
5003900;5.6;4.9
5004007;5.2;5.1
5004106;5.3;4.9
5004304;4.5;4.8
5004403;;4.9
5004502;4.9;5.1
5004601;4.8;4.8
5004700;5.0;4.8
5004809;;4.7
5004908;;5.2
5005004;4.8;5.2
5005103;;4.9
5005152;3.9;4.7
5005202;4.0;4.5
5005251;4.4;4.8
5005400;4.1;4.9
5005608;3.4;4.5
5005681;4.5;4.8
5005707;5.2;5.0
5005806;4.7;5.0
5006002;4.6;5.1
5006200;5.8;4.7
5006259;4.7;4.8
5006275;5.0;4.4
5006309;3.8;4.9
5006358;4.1;4.9
5006408;;5.3
5006606;4.5;4.9
5006903;3.9;5.0
5007109;4.5;5.0
5007208;4.2;5.1
5007307;3.7;4.5
5007406;4.2;4.8
5007505;;5.0
5007554;;5.1
5007695;4.9;5.3
5007703;4.7;4.7
5007802;4.9;4.9
5007901;4.2;5.2
5007935;4.7;4.9
5007950;3.9;5.0
5007976;4.8;5.5
5008008;5.1;5.2
5008305;4.8;4.6
5008404;;5.5
5100102;4.2;5.0
5100201;4.5;5.6
5100250;4.9;4.6
5100300;4.9;4.7
5100359;4.5;3.8
5100409;4.6;4.9
5100508;;5.5
5100607;;4.9
5100805;4.4;4.7
5101001;4.2;4.9
5101209;5.0;5.8
5101258;4.8;5.2
5101308;4.5;5.7
5101407;4.3;5.0
5101605;3.7;5.0
5101704;4.2;4.9
5101803;4.5;5.3
5101852;;4.6
5101902;4.5;5.2
5102504;4.1;4.9
5102603;3.4;4.4
5102637;5.1;4.7
5102678;5.0;5.0
5102686;4.8;5.7
5102694;3.7;4.7
5102702;4.0;5.0
5102793;4.6;4.7
5102850;;5.5
5103007;4.2;4.8
5103056;5.3;5.0
5103106;3.5;5.0
5103205;4.9;5.5
5103254;4.2;4.6
5103304;4.7;4.9
5103353;4.4;5.4
5103361;5.4;5.7
5103379;;5.0
5103403;4.3;4.6
5103437;4.1;4.7
5103452;3.8;4.6
5103502;4.6;5.4
5103601;4.7;5.5
5103700;4.4;4.7
5103809;4.8;4.0
5103858;4.3;5.7
5103908;;5.5
5103957;4.7;4.9
5104104;5.5;5.1
5104203;4.6;4.8
5104500;4.0;3.9
5104526;5.2;5.2
5104542;5.2;5.9
5104559;4.4;5.0
5104609;4.7;5.4
5104807;4.8;5.0
5104906;;4.5
5105002;5.1;4.8
5105101;5.1;5.0
5105150;4.6;5.1
5105176;;5.2
5105200;4.5;5.3
5105234;4.4;4.7
5105259;5.5;5.7
5105309;3.1;4.2
5105507;3.7;4.3
5105580;4.8;4.5
5105606;4.8;5.0
5105622;4.6;5.0
5105903;4.2;5.0
5106000;4.5;4.6
5106109;4.1;5.2
5106158;4.7;5.3
5106174;;4.7
5106182;4.6;4.7
5106190;;4.7
5106208;4.0;4.8
5106216;4.8;5.3
5106224;4.8;5.0
5106232;4.2;4.5
5106240;4.5;5.1
5106257;4.2;5.6
5106265;;5.0
5106273;5.1;4.5
5106281;4.9;4.8
5106299;4.9;4.6
5106307;4.6;4.6
5106315;;4.4
5106372;4.7;5.0
5106422;4.3;4.4
5106455;4.5;4.7
5106505;3.5;4.9
5106653;4.1;5.0
5106703;5.4;5.5
5106752;4.8;4.7
5106778;4.1;5.0
5106802;4.3;5.3
5106828;4.5;5.0
5106851;4.2;5.1
5107008;4.4;4.8
5107040;4.8;4.8
5107065;4.5;5.7
5107107;4.8;5.2
5107156;4.6;5.1
5107180;4.5;4.9
5107198;5.1;5.6
5107206;5.3;5.6
5107248;4.3;4.1
5107263;4.6;4.7
5107297;;4.6
5107305;4.7;4.9
5107354;3.4;4.8
5107404;4.2;4.5
5107602;4.7;4.8
5107701;4.1;4.3
5107743;5.3;4.6
5107750;4.9;4.2
5107768;5.1;4.5
5107776;3.6;4.4
5107792;4.1;5.1
5107800;4.0;4.4
5107859;4.1;4.4
5107875;5.1;5.0
5107883;3.9;4.7
5107909;4.7;5.1
5107925;4.4;5.2
5107941;4.7;4.5
5107958;5.0;5.1
5108006;;4.8
5108055;5.1;5.3
5108105;4.5;5.0
5108204;4.5;5.7
5108303;4.8;5.1
5108352;;4.9
5108402;4.3;4.5
5108501;4.7;4.9
5108600;4.5;5.1
5108808;4.8;4.6
5108857;5.0;4.9
5108907;5.0;4.7
5108956;5.2;4.9
5200050;4.8;4.8
5200100;4.9;5.0
5200134;5.4;5.1
5200159;;5.1
5200175;5.0;5.1
5200209;5.5;4.8
5200258;4.3;4.9
5200308;5.0;5.3
5200506;;5.4
5200555;5.0;5.1
5200605;4.0;5.5
5200803;5.4;4.7
5200829;5.4;4.9
5200852;5.8;5.0
5200902;5.0;5.0
5201108;5.5;5.2
5201207;4.9;
5201306;6.2;5.5
5201405;4.7;5.0
5201454;4.7;5.1
5201504;5.1;5.6
5201603;5.4;5.3
5201702;4.8;5.4
5201801;3.8;5.7
5202155;4.7;4.9
5202353;5.2;5.9
5202502;5.2;4.7
5202601;5.7;5.0
5202809;5.2;4.1
5203104;4.6;5.7
5203203;5.1;5.5
5203302;5.1;5.5
5203401;5.0;5.7
5203500;5.5;5.6
5203559;4.9;5.0
5203575;4.6;5.3
5203609;4.6;5.2
5203807;5.3;5.3
5203906;5.6;5.2
5203939;5.4;5.4
5203962;5.3;5.1
5204003;6.2;5.0
5204102;5.4;5.2
5204201;6.0;5.6
5204250;5.0;5.3
5204300;5.5;5.8
5204409;5.6;5.2
5204508;5.3;5.2
5204557;;5.2
5204607;5.0;4.7
5204656;5.1;5.4
5204706;5.4;5.6
5204805;4.7;5.4
5204854;4.4;5.4
5204904;5.1;4.8
5204953;5.0;4.7
5205000;5.6;5.8
5205059;5.5;4.9
5205109;5.2;5.3
5205208;4.8;5.5
5205307;3.8;4.9
5205406;5.8;6.0
5205455;4.5;5.3
5205471;5.8;5.4
5205497;4.9;5.0
5205513;5.4;5.0
5205521;3.9;5.4
5205703;5.6;5.3
5205802;4.7;5.6
5205901;5.1;5.1
5206206;4.8;5.1
5206305;4.8;5.7
5206404;5.3;4.7
5206503;4.8;4.6
5206602;5.6;5.1
5206701;5.1;5.7
5206800;5.3;5.8
5206909;4.1;5.2
5207105;6.1;5.9
5207253;6.2;5.3
5207352;4.8;5.0
5207402;5.5;5.6
5207501;5.5;5.2
5207535;4.7;5.2
5207600;6.1;4.8
5207808;5.0;5.7
5207907;4.4;5.1
5208004;4.8;5.2
5208103;5.6;5.4
5208152;5.4;5.4
5208301;4.6;4.7
5208400;5.5;5.4
5208509;5.4;5.9
5208608;5.8;5.7
5208707;5.4;5.0
5208806;5.0;4.7
5208905;5.4;5.4
5209101;5.1;5.0
5209150;5.2;5.5
5209200;5.3;4.9
5209291;5.4;4.8
5209408;4.4;4.9
5209457;4.9;4.8
5209606;5.0;5.4
5209705;4.3;4.6
5209804;5.3;5.4
5209903;5.1;4.9
5209937;5.5;5.3
5209952;5.2;5.3
5210000;5.7;6.0
5210109;5.3;4.8
5210158;4.7;5.9
5210208;6.0;5.5
5210307;4.3;4.8
5210406;5.3;5.7
5210562;5.8;5.2
5210604;6.3;5.4
5210802;4.6;5.0
5210901;5.3;5.3
5211008;4.7;5.2
5211206;5.8;5.5
5211305;4.5;5.5
5211404;5.1;5.5
5211503;5.7;5.4
5211602;5.4;5.6
5211701;4.9;5.6
5211800;5.6;5.1
5211909;5.4;5.5
5212006;6.1;5.8
5212055;5.8;5.0
5212105;5.6;4.8
5212204;5.8;5.0
5212253;5.5;5.0
5212303;4.9;5.1
5212501;5.2;4.8
5212600;5.2;5.1
5212709;5.3;5.6
5212808;4.8;5.3
5212907;5.7;6.0
5212956;4.6;4.7
5213004;5.1;5.3
5213053;5.1;5.4
5213087;5.3;5.1
5213103;5.6;5.1
5213400;6.2;6.1
5213509;4.8;4.7
5213707;5.7;5.3
5213756;4.8;5.4
5213772;5.2;5.3
5213806;5.5;4.7
5213855;5.0;5.5
5213905;6.1;5.8
5214002;4.6;5.0
5214051;5.2;5.1
5214101;5.3;5.3
5214408;4.6;5.7
5214507;5.3;5.4
5214606;5.4;5.3
5214705;5.6;5.1
5214804;5.1;5.0
5214838;4.8;4.4
5214861;5.1;5.9
5214879;4.6;5.8
5214903;4.8;4.8
5215009;5.2;5.3
5215207;4.9;5.3
5215231;4.6;4.9
5215256;5.0;5.0
5215306;5.7;5.7
5215405;5.0;5.8
5215504;5.3;5.3
5215603;4.6;4.7
5215652;5.6;5.0
5215702;5.1;5.2
5215801;4.9;5.5
5215900;5.0;5.3
5216007;5.3;4.6
5216304;5.8;5.4
5216403;5.4;5.3
5216452;5.5;4.8
5216809;;5.3
5216908;;5.1
5217104;5.3;5.4
5217203;4.9;5.4
5217302;5.2;5.4
5217401;5.4;5.0
5217609;4.6;4.7
5217708;5.8;5.6
5218003;5.0;5.2
5218052;5.4;4.7
5218102;5.2;4.9
5218300;5.7;5.4
5218391;5.3;5.5
5218508;5.7;5.5
5218607;5.4;5.5
5218706;5.5;5.2
5218789;5.3;5.0
5218805;5.8;5.5
5218904;6.0;5.6
5219001;5.6;4.9
5219100;5.6;4.9
5219209;5.1;5.4
5219258;4.9;5.3
5219308;5.3;5.0
5219357;5.0;5.5
5219407;;5.0
5219456;5.8;5.0
5219506;4.8;5.4
5219605;5.2;5.0
5219704;5.4;4.7
5219712;5.3;5.2
5219738;5.2;5.3
5219753;4.1;5.1
5219803;5.2;4.9
5219902;5.1;5.4
5220009;5.0;5.1
5220058;4.8;5.6
5220108;5.3;4.7
5220157;4.3;4.9
5220207;5.2;5.0
5220264;5.3;6.0
5220280;5.8;5.7
5220405;5.2;5.9
5220454;4.6;4.9
5220504;5.0;5.4
5220603;5.3;5.4
5220686;5.2;5.2
5220702;4.5;5.0
5221007;5.8;5.6
5221080;4.6;4.5
5221197;4.6;4.9
5221304;6.0;5.4
5221403;5.4;4.9
5221452;;5.1
5221502;6.3;5.4
5221551;4.7;4.9
5221577;4.3;5.5
5221601;5.3;5.4
5221700;5.4;5.6
5221809;4.7;5.9
5221858;4.6;5.4
5221908;4.6;5.2
5222005;5.9;5.4
5222054;5.9;5.3
5222203;4.6;5.6
5222302;5.5;5.3
5300108;4.6;5.0
1100015;5.2;5.3
1100023;5.1;5.2
1100031;4.6;5.5
1100049;5.3;5.3
1100056;5.3;5.4
1100064;5.1;5.7
1100072;4.9;5.1
1100080;4.5;4.8
1100098;5.4;5.4
1100106;4.5;5.1
1100114;5.1;4.6
1100122;4.9;5.1
1100130;4.5;4.7
1100148;6.1;5.3
1100155;5.1;4.6
1100189;4.9;5.1
1100205;4.4;4.9
1100254;5.4;5.3
1100262;4.2;5.2
1100288;5.3;4.9
1100296;5.3;5.2
1100304;4.9;5.3
1100320;4.6;5.4
1100338;4.5;4.7
1100346;4.7;5.2
1100379;4.5;5.2
1100403;4.4;4.8
1100452;5.0;4.8
1100502;5.1;4.8
1100601;4.4;5.2
1100700;4.4;4.5
1100809;3.8;4.7
1100908;4.6;5.5
1100924;;5.3
1100940;4.1;4.6
1101005;4.8;4.6
1101104;3.9;4.4
1101203;5.4;5.4
1101302;4.9;4.9
1101401;4.4;5.2
1101435;4.3;4.6
1101450;5.1;5.2
1101468;4.4;5.0
1101476;5.3;5.1
1101484;4.5;4.8
1101492;5.4;4.7
1101500;5.2;4.8
1101559;5.0;5.1
1101609;5.3;4.9
1101708;4.4;4.6
1101757;4.6;4.8
1101807;4.9;5.2
1200013;;5.2
1200054;4.6;4.9
1200104;6.1;4.9
1200138;3.6;4.9
1200179;4.4;5.2
1200203;5.0;5.4
1200252;5.0;4.8
1200302;5.2;5.3
1200328;4.4;4.6
1200336;4.5;4.8
1200344;4.8;4.7
1200351;3.9;4.3
1200385;4.7;5.2
1200393;4.1;4.5
1200401;4.8;5.3
1200427;4.7;4.8
1200435;4.0;4.6
1200450;4.8;5.5
1200500;4.8;4.6
1200609;4.7;5.0
1200708;4.5;5.2
1200807;;5.2
1300029;3.4;4.4
1300060;4.1;4.7
1300086;4.5;5.2
1300102;4.7;4.4
1300144;4.7;5.1
1300201;;4.1
1300300;3.8;4.5
1300409;4.2;4.9
1300508;3.8;4.8
1300607;3.9;4.3
1300631;3.6;4.2
1300680;3.9;4.4
1300706;4.7;4.9
1300805;3.8;4.3
1300839;4.1;4.7
1300904;3.8;5.0
1301001;4.2;4.2
1301100;4.0;4.7
1301159;4.1;4.9
1301209;3.8;4.3
1301308;3.9;4.7
1301407;3.5;4.3
1301506;3.6;4.3
1301605;3.0;4.6
1301654;3.6;4.6
1301704;4.0;4.5
1301803;3.3;4.1
1301852;4.4;4.3
1301902;4.8;4.6
1301951;2.8;4.1
1302009;4.8;4.6
1302108;3.4;4.2
1302207;3.6;4.3
1302306;3.6;4.6
1302405;3.9;4.5
1302504;4.9;4.8
1302553;3.7;4.6
1302603;4.8;4.5
1302702;4.4;4.8
1302801;3.4;4.3
1302900;4.2;4.5
1303007;4.4;4.8
1303106;4.3;4.8
1303205;4.7;4.6
1303304;3.9;4.3
1303403;4.7;5.1
1303502;3.4;4.4
1303536;4.4;4.7
1303569;4.5;4.5
1303601;4.0;4.8
1303700;3.4;4.3
1303809;3.7;5.2
1303908;4.3;4.7
1303957;4.2;4.0
1304005;4.3;4.9
1304062;4.1;4.4
1304104;4.0;4.1
1304203;4.2;4.6
1304237;3.7;4.3
1304260;4.3;4.5
1304302;4.3;4.8
1304401;4.1;4.2
1400027;3.9;5.4
1400050;3.8;4.9
1400100;4.3;5.4
1400159;4.1;5.3
1400175;;5.1
1400209;3.8;5.1
1400233;;4.9
1400282;3.3;4.2
1400308;4.1;5.0
1400407;3.1;5.0
1400456;;5.0
1400472;3.9;4.9
1400506;3.8;4.9
1400605;3.6;5.1
1400704;;4.5
1500107;3.6;5.0
1500131;3.9;4.2
1500206;3.3;4.9
1500305;3.1;4.9
1500347;3.9;4.2
1500404;3.7;4.9
1500503;3.2;5.2
1500602;4.8;5.4
1500701;3.3;5.1
1500800;4.3;5.1
1500859;3.8;4.4
1500909;;4.3
1500958;4.3;5.2
1501006;3.7;5.6
1501105;4.0;4.9
1501204;;5.1
1501253;3.8;5.3
1501303;3.6;4.9
1501402;4.1;4.9
1501451;4.8;4.8
1501501;4.7;5.0
1501576;3.9;4.9
1501600;2.5;4.4
1501709;3.6;5.1
1501725;4.9;5.2
1501758;;4.8
1501782;3.5;4.7
1501808;3.7;4.9
1501907;3.8;4.5
1501956;2.9;4.4
1502004;3.4;4.2
1502103;3.3;4.8
1502152;4.2;4.9
1502202;3.5;5.0
1502301;3.4;4.8
1502400;3.7;4.9
1502509;3.5;4.5
1502608;3.6;4.6
1502707;3.8;4.7
1502756;3.3;4.5
1502764;;5.2
1502772;4.4;4.9
1502806;2.6;4.8
1502855;3.9;4.7
1502905;3.7;4.6
1502939;4.5;4.5
1502954;3.8;4.9
1503002;3.5;4.8
1503044;3.7;4.7
1503077;4.1;4.6
1503093;3.4;4.5
1503101;3.0;4.9
1503200;3.2;4.7
1503309;3.7;4.8
1503408;3.4;4.8
1503457;4.3;4.6
1503507;3.1;5.2
1503606;4.2;4.9
1503705;3.6;4.2
1503754;3.3;4.6
1503804;3.3;4.8
1503903;4.5;5.1
1504000;3.9;5.2
1504059;3.8;5.1
1504109;3.8;4.5
1504208;4.3;4.9
1504307;3.8;5.2
1504406;3.7;4.6
1504422;3.9;5.1
1504455;3.6;5.5
1504505;3.5;4.4
1504604;3.9;4.5
1504703;3.3;4.8
1504752;4.2;4.3
1504802;4.0;5.1
1504901;3.9;5.1
1504950;3.4;4.8
1504976;3.7;4.3
1505007;3.8;5.1
1505031;4.5;5.2
1505064;3.4;4.9
1505106;3.8;5.4
1505205;3.3;4.3
1505304;4.7;5.3
1505403;3.7;5.1
1505437;3.9;5.2
1505486;3.4;4.9
1505494;4.2;4.7
1505502;4.4;4.6
1505536;4.5;5.1
1505551;;4.6
1505601;3.6;5.3
1505635;3.5;4.5
1505650;3.7;4.8
1505700;3.9;5.0
1505809;3.3;4.5
1505908;3.2;4.6
1506005;3.7;5.1
1506104;3.2;4.5
1506112;3.4;4.7
1506138;4.0;4.6
1506161;4.3;4.9
1506187;4.2;4.6
1506195;4.4;5.0
1506203;3.7;4.9
1506302;4.0;4.9
1506351;3.9;4.7
1506401;3.2;3.9
1506500;3.8;4.9
1506559;3.7;4.9
1506583;3.2;4.2
1506609;3.2;5.3
1506708;2.3;4.9
1506807;4.6;5.4
1506906;4.9;5.2
1507003;3.7;5.1
1507102;3.2;5.0
1507151;3.3;4.8
1507201;3.4;4.9
1507300;2.9;5.0
1507409;3.4;5.4
1507458;4.2;4.3
1507466;;4.2
1507474;3.8;4.8
1507508;3.6;4.7
1507607;3.8;5.2
1507706;4.2;4.4
1507755;;4.2
1507805;4.4;5.0
1507904;3.4;4.5
1507953;3.5;4.5
1507961;3.5;4.7
1507979;4.6;4.7
1508001;3.9;4.9
1508035;3.5;5.2
1508050;4.1;4.5
1508084;3.8;4.6
1508100;4.0;4.7
1508126;4.9;4.8
1508159;3.9;4.2
1508209;3.9;5.0
1508308;3.6;4.7
1508357;5.2;5.1
1508407;4.1;4.9
1600055;;5.4
1600105;3.4;4.6
1600154;3.5;5.4
1600204;3.2;4.8
1600212;;5.1
1600238;3.1;4.8
1600253;3.0;4.2
1600279;3.6;5.3
1600303;3.8;5.3
1600402;3.1;4.8
1600501;3.7;5.4
1600535;3.7;4.8
1600550;2.8;5.0
1600600;4.0;5.4
1600709;3.6;4.9
1600808;3.6;5.2
1700251;4.6;4.7
1700301;3.7;5.2
1700350;5.4;5.4
1700400;4.1;5.0
1700707;4.8;5.7
1701002;4.5;5.3
1701051;4.2;5.2
1701101;4.3;5.3
1701309;4.0;5.2
1701903;4.2;5.0
1702000;5.6;5.7
1702109;4.6;5.3
1702158;4.5;5.4
1702208;4.8;5.0
1702307;;5.6
1702406;4.6;5.6
1702554;4.3;5.3
1702703;4.2;4.8
1702901;3.6;5.0
1703008;4.1;5.1
1703057;4.3;5.1
1703073;;5.1
1703107;4.5;5.3
1703206;3.9;5.2
1703305;4.3;4.5
1703602;;5.4
1703701;4.8;5.5
1703800;4.4;4.8
1703826;3.7;5.2
1703842;3.5;4.8
1703867;4.7;4.9
1703883;4.1;4.9
1703891;3.9;4.7
1703909;;5.5
1704105;3.1;4.5
1704600;4.2;4.9
1705102;;4.8
1705508;4.7;5.4
1705557;5.0;5.8
1705607;;5.2
1706001;3.8;4.9
1706100;4.8;5.5
1706258;4.3;5.0
1706506;4.9;5.0
1707009;4.0;5.4
1707108;4.6;5.4
1707207;;5.4
1707306;4.2;5.2
1707405;3.9;4.7
1707553;;5.2
1707652;4.1;5.6
1707702;4.1;5.3
1708205;4.3;5.2
1708254;4.5;5.0
1708304;3.9;4.9
1709005;3.9;4.8
1709302;4.0;5.5
1709500;5.4;5.6
1709807;3.9;4.7
1710508;4.6;6.0
1710706;4.0;4.9
1710904;4.2;5.4
1711100;4.2;5.3
1711506;4.7;4.7
1711803;;4.5
1711902;3.6;5.5
1711951;4.1;5.3
1712009;4.8;4.9
1712157;4.9;5.6
1712405;3.6;5.4
1715259;;4.6
1712454;4.9;5.7
1712504;3.7;4.9
1712702;;4.7
1712801;4.0;4.7
1713205;4.3;5.3
1713304;4.3;4.9
1713601;4.2;5.5
1713700;4.5;4.9
1713809;4.4;5.5
1713957;4.0;5.2
1714203;4.7;5.1
1714302;4.5;5.1
1714880;4.1;4.9
1715002;4.6;5.6
1715101;3.7;4.7
1715150;5.2;5.4
1715507;;5.0
1715705;3.7;4.8
1715754;5.4;5.1
1716109;5.0;5.5
1716208;;4.8
1716307;4.2;5.4
1716505;4.8;4.8
1716604;;5.5
1716653;4.5;5.5
1716703;4.8;5.5
1717008;4.3;5.5
1717206;;4.9
1717503;4.8;5.2
1717800;2.8;4.8
1717909;;5.5
1718006;;5.2
1718204;4.6;5.7
1718303;3.4;4.9
1718402;3.9;5.6
1718451;4.5;4.8
1718501;3.9;5.2
1718550;3.6;4.9
1718659;4.2;4.3
1718709;4.0;4.4
1718758;4.3;5.1
1718808;4.6;4.9
1718840;4.1;5.3
1718865;4.5;5.1
1718881;;5.5
1718899;5.0;5.0
1718907;4.5;5.0
1719004;4.7;5.5
1720002;3.3;5.3
1720101;;5.0
1720150;3.5;4.9
1720655;4.1;5.0
1720200;3.5;5.4
1720259;4.2;4.7
1720309;4.3;5.4
1720499;5.0;5.4
1720804;3.9;4.7
1720853;4.8;5.3
1720903;3.5;4.7
1720937;3.2;4.8
1720978;4.2;5.7
1721000;5.4;5.3
1721109;3.3;4.9
1721208;4.2;5.5
1721257;;5.6
1721307;;5.4
1722081;4.8;5.3
1722107;4.4;5.1
2100055;4.0;4.9
2100105;3.2;4.3
2100154;3.5;4.9
2100204;;4.6
2100303;3.2;4.4
2100402;;5.3
2100436;3.4;4.4
2100477;5.1;5.6
2100501;4.8;4.4
2100550;4.2;4.1
2100600;3.4;4.6
2100709;3.5;4.3
2100808;3.3;4.1
2100832;3.8;4.8
2100873;3.8;4.5
2100907;3.5;4.9
2100956;3.2;5.3
2101004;5.1;5.1
2101103;4.3;4.4
2101202;4.6;4.7
2101251;4.2;4.8
2101301;4.0;4.5
2101350;3.2;4.7
2101400;4.2;5.1
2101509;4.8;5.1
2101608;4.1;5.2
2101707;3.8;4.9
2101731;3.4;4.4
2101772;;4.8
2101806;5.1;4.5
2101905;3.9;4.8
2101939;3.7;4.5
2101970;3.6;5.0
2102002;3.9;4.5
2102036;3.7;4.8
2102077;3.9;5.0
2102101;3.5;4.2
2102150;3.1;4.7
2102200;3.5;4.3
2102309;4.4;5.2
2102325;3.9;4.8
2102358;3.7;4.6
2102374;4.1;4.1
2102408;3.0;4.6
2102507;3.9;4.4
2102556;5.0;4.4
2102606;4.2;5.2
2102705;3.0;4.2
2102754;4.4;4.3
2102804;4.2;4.9
2102903;4.7;4.8
2103000;4.1;4.5
2103109;5.0;4.3
2103125;3.5;4.5
2103158;3.3;4.5
2103174;3.2;5.0
2103208;3.7;4.9
2103257;3.8;4.8
2103307;3.9;4.6
2103406;3.4;4.3
2103505;3.6;4.7
2103554;3.0;4.1
2103604;3.7;4.3
2103703;3.6;4.5
2103752;3.8;4.7
